Date,Close
2026-07-14T00:00:00,62346.0
2026-07-14T00:01:00,62360.79
2026-07-14T00:02:00,62324.0
2026-07-14T00:03:00,62310.0
2026-07-14T00:04:00,62310.0
2026-07-14T00:05:00,62290.0
2026-07-14T00:06:00,62319.35
2026-07-14T00:07:00,62296.1
2026-07-14T00:08:00,62289.82
2026-07-14T00:09:00,62335.99
2026-07-14T00:10:00,62374.78
2026-07-14T00:11:00,62405.01
2026-07-14T00:12:00,62442.73
2026-07-14T00:13:00,62460.04
2026-07-14T00:14:00,62436.61
2026-07-14T00:15:00,62378.86
2026-07-14T00:16:00,62364.0
2026-07-14T00:17:00,62366.0
2026-07-14T00:18:00,62406.0
2026-07-14T00:19:00,62368.96
2026-07-14T00:20:00,62361.44
2026-07-14T00:21:00,62416.23
2026-07-14T00:22:00,62380.0
2026-07-14T00:23:00,62359.99
2026-07-14T00:24:00,62412.0
2026-07-14T00:25:00,62391.6
2026-07-14T00:26:00,62328.77
2026-07-14T00:27:00,62330.33
2026-07-14T00:28:00,62330.0
2026-07-14T00:29:00,62372.76
2026-07-14T00:30:00,62413.99
2026-07-14T00:31:00,62397.36
2026-07-14T00:32:00,62393.56
2026-07-14T00:33:00,62442.01
2026-07-14T00:34:00,62384.01
2026-07-14T00:35:00,62429.99
2026-07-14T00:36:00,62372.36
2026-07-14T00:37:00,62374.0
2026-07-14T00:38:00,62372.0
2026-07-14T00:39:00,62361.44
2026-07-14T00:40:00,62384.01
2026-07-14T00:41:00,62333.0
2026-07-14T00:42:00,62322.0
2026-07-14T00:43:00,62313.78
2026-07-14T00:44:00,62309.35
2026-07-14T00:45:00,62378.0
2026-07-14T00:46:00,62367.88
2026-07-14T00:47:00,62368.0
2026-07-14T00:48:00,62361.99
2026-07-14T00:49:00,62372.69
2026-07-14T00:50:00,62391.99
2026-07-14T00:51:00,62419.76
2026-07-14T00:52:00,62380.27
2026-07-14T00:53:00,62389.96
2026-07-14T00:54:00,62431.64
2026-07-14T00:55:00,62597.08
2026-07-14T00:56:00,62547.99
2026-07-14T00:57:00,62554.16
2026-07-14T00:58:00,62553.99
2026-07-14T00:59:00,62549.54
2026-07-14T01:00:00,62534.67
2026-07-14T01:01:00,62494.0
2026-07-14T01:02:00,62516.09
2026-07-14T01:03:00,62473.7
2026-07-14T01:04:00,62490.01
2026-07-14T01:05:00,62496.0
2026-07-14T01:06:00,62484.0
2026-07-14T01:07:00,62489.35
2026-07-14T01:08:00,62490.0
2026-07-14T01:09:00,62505.22
2026-07-14T01:10:00,62470.01
2026-07-14T01:11:00,62477.65
2026-07-14T01:12:00,62489.62
2026-07-14T01:13:00,62504.35
2026-07-14T01:14:00,62495.35
2026-07-14T01:15:00,62515.39
2026-07-14T01:16:00,62525.99
2026-07-14T01:17:00,62558.0
2026-07-14T01:18:00,62534.0
2026-07-14T01:19:00,62569.32
2026-07-14T01:20:00,62523.99
2026-07-14T01:21:00,62534.07
2026-07-14T01:22:00,62564.18
2026-07-14T01:23:00,62584.01
2026-07-14T01:24:00,62618.42
2026-07-14T01:25:00,62630.0
2026-07-14T01:26:00,62590.7
2026-07-14T01:27:00,62559.84
2026-07-14T01:28:00,62510.01
2026-07-14T01:29:00,62525.74
2026-07-14T01:30:00,62522.0
2026-07-14T01:31:00,62553.99
2026-07-14T01:32:00,62548.48
2026-07-14T01:33:00,62548.48
2026-07-14T01:34:00,62522.01
2026-07-14T01:35:00,62527.23
2026-07-14T01:36:00,62515.15
2026-07-14T01:37:00,62523.93
2026-07-14T01:38:00,62500.01
2026-07-14T01:39:00,62513.27
2026-07-14T01:40:00,62510.0
2026-07-14T01:41:00,62468.79
2026-07-14T01:42:00,62499.09
2026-07-14T01:43:00,62502.82
2026-07-14T01:44:00,62494.11
2026-07-14T01:45:00,62508.0
2026-07-14T01:46:00,62492.5
2026-07-14T01:47:00,62493.99
2026-07-14T01:48:00,62514.0
2026-07-14T01:49:00,62513.99
2026-07-14T01:50:00,62484.99
2026-07-14T01:51:00,62496.0
2026-07-14T01:52:00,62539.81
2026-07-14T01:53:00,62523.99
2026-07-14T01:54:00,62530.64
2026-07-14T01:55:00,62523.99
2026-07-14T01:56:00,62509.82
2026-07-14T01:57:00,62540.0
2026-07-14T01:58:00,62538.01
2026-07-14T01:59:00,62540.42
2026-07-14T02:00:00,62493.69
2026-07-14T02:01:00,62491.25
2026-07-14T02:02:00,62512.0
2026-07-14T02:03:00,62544.7
2026-07-14T02:04:00,62533.07
2026-07-14T02:05:00,62555.62
2026-07-14T02:06:00,62564.19
2026-07-14T02:07:00,62584.2
2026-07-14T02:08:00,62616.0
2026-07-14T02:09:00,62584.19
2026-07-14T02:10:00,62574.01
2026-07-14T02:11:00,62560.01
2026-07-14T02:12:00,62502.98
2026-07-14T02:13:00,62508.0
2026-07-14T02:14:00,62504.0
2026-07-14T02:15:00,62490.01
2026-07-14T02:16:00,62519.87
2026-07-14T02:17:00,62514.08
2026-07-14T02:18:00,62509.94
2026-07-14T02:19:00,62467.99
2026-07-14T02:20:00,62457.98
2026-07-14T02:21:00,62425.01
2026-07-14T02:22:00,62440.65
2026-07-14T02:23:00,62407.99
2026-07-14T02:24:00,62395.21
2026-07-14T02:25:00,62388.0
2026-07-14T02:26:00,62344.28
2026-07-14T02:27:00,62338.0
2026-07-14T02:28:00,62358.98
2026-07-14T02:29:00,62384.0
2026-07-14T02:30:00,62415.01
2026-07-14T02:31:00,62441.61
2026-07-14T02:32:00,62422.0
2026-07-14T02:33:00,62425.99
2026-07-14T02:34:00,62421.21
2026-07-14T02:35:00,62437.99
2026-07-14T02:36:00,62437.98
2026-07-14T02:37:00,62453.99
2026-07-14T02:38:00,62475.99
2026-07-14T02:39:00,62521.26
2026-07-14T02:40:00,62564.18
2026-07-14T02:41:00,62574.0
2026-07-14T02:42:00,62576.84
2026-07-14T02:43:00,62576.85
2026-07-14T02:44:00,62593.19
2026-07-14T02:45:00,62595.38
2026-07-14T02:46:00,62638.0
2026-07-14T02:47:00,62602.86
2026-07-14T02:48:00,62600.01
2026-07-14T02:49:00,62595.09
2026-07-14T02:50:00,62579.44
2026-07-14T02:51:00,62569.21
2026-07-14T02:52:00,62567.01
2026-07-14T02:53:00,62537.99
2026-07-14T02:54:00,62531.71
2026-07-14T02:55:00,62548.0
2026-07-14T02:56:00,62546.95
2026-07-14T02:57:00,62548.1
2026-07-14T02:58:00,62560.05
2026-07-14T02:59:00,62544.0
2026-07-14T03:00:00,62553.99
2026-07-14T03:01:00,62590.0
2026-07-14T03:02:00,62572.96
2026-07-14T03:03:00,62548.92
2026-07-14T03:04:00,62538.77
2026-07-14T03:05:00,62535.04
2026-07-14T03:06:00,62524.43
2026-07-14T03:07:00,62506.32
2026-07-14T03:08:00,62506.32
2026-07-14T03:09:00,62483.99
2026-07-14T03:10:00,62466.12
2026-07-14T03:11:00,62444.2
2026-07-14T03:12:00,62388.0
2026-07-14T03:13:00,62379.81
2026-07-14T03:14:00,62393.89
2026-07-14T03:15:00,62417.91
2026-07-14T03:16:00,62426.01
2026-07-14T03:17:00,62373.74
2026-07-14T03:18:00,62391.78
2026-07-14T03:19:00,62410.55
2026-07-14T03:20:00,62324.01
2026-07-14T03:21:00,62314.52
2026-07-14T03:22:00,62333.85
2026-07-14T03:23:00,62383.99
2026-07-14T03:24:00,62369.29
2026-07-14T03:25:00,62390.01
2026-07-14T03:26:00,62418.0
2026-07-14T03:27:00,62445.12
2026-07-14T03:28:00,62457.14
2026-07-14T03:29:00,62469.47
2026-07-14T03:30:00,62457.94
2026-07-14T03:31:00,62462.0
2026-07-14T03:32:00,62444.01
2026-07-14T03:33:00,62442.0
2026-07-14T03:34:00,62441.99
2026-07-14T03:35:00,62483.67
2026-07-14T03:36:00,62483.67
2026-07-14T03:37:00,62505.99
2026-07-14T03:38:00,62505.03
2026-07-14T03:39:00,62517.99
2026-07-14T03:40:00,62494.09
2026-07-14T03:41:00,62494.38
2026-07-14T03:42:00,62450.21
2026-07-14T03:43:00,62454.0
2026-07-14T03:44:00,62470.01
2026-07-14T03:45:00,62487.99
2026-07-14T03:46:00,62503.41
2026-07-14T03:47:00,62527.84
2026-07-14T03:48:00,62522.0
2026-07-14T03:49:00,62518.0
2026-07-14T03:50:00,62523.19
2026-07-14T03:51:00,62532.23
2026-07-14T03:52:00,62541.99
2026-07-14T03:53:00,62560.11
2026-07-14T03:54:00,62568.77
2026-07-14T03:55:00,62542.79
2026-07-14T03:56:00,62552.33
2026-07-14T03:57:00,62565.41
2026-07-14T03:58:00,62572.72
2026-07-14T03:59:00,62572.89
2026-07-14T04:00:00,62584.4
2026-07-14T04:01:00,62564.19
2026-07-14T04:02:00,62593.42
2026-07-14T04:03:00,62614.01
2026-07-14T04:04:00,62616.0
2026-07-14T04:05:00,62626.01
2026-07-14T04:06:00,62590.26
2026-07-14T04:07:00,62590.0
2026-07-14T04:08:00,62577.9
2026-07-14T04:09:00,62565.71
2026-07-14T04:10:00,62555.99
2026-07-14T04:11:00,62551.99
2026-07-14T04:12:00,62562.0
2026-07-14T04:13:00,62570.09
2026-07-14T04:14:00,62564.49
2026-07-14T04:15:00,62573.58
2026-07-14T04:16:00,62564.18
2026-07-14T04:17:00,62560.01
2026-07-14T04:18:00,62554.76
2026-07-14T04:19:00,62571.99
2026-07-14T04:20:00,62603.99
2026-07-14T04:21:00,62604.8
2026-07-14T04:22:00,62616.26
2026-07-14T04:23:00,62639.23
2026-07-14T04:24:00,62604.0
2026-07-14T04:25:00,62627.69
2026-07-14T04:26:00,62645.99
2026-07-14T04:27:00,62655.99
2026-07-14T04:28:00,62645.77
2026-07-14T04:29:00,62645.04
2026-07-14T04:30:00,62666.52
2026-07-14T04:31:00,62664.01
2026-07-14T04:32:00,62702.37
2026-07-14T04:33:00,62724.01
2026-07-14T04:34:00,62737.72
2026-07-14T04:35:00,62739.99
2026-07-14T04:36:00,62740.54
2026-07-14T04:37:00,62758.38
2026-07-14T04:38:00,62754.01
2026-07-14T04:39:00,62757.92
2026-07-14T04:40:00,62727.48
2026-07-14T04:41:00,62707.19
2026-07-14T04:42:00,62712.4
2026-07-14T04:43:00,62717.21
2026-07-14T04:44:00,62708.69
2026-07-14T04:45:00,62708.69
2026-07-14T04:46:00,62702.4
2026-07-14T04:47:00,62725.22
2026-07-14T04:48:00,62724.01
2026-07-14T04:49:00,62722.0
2026-07-14T04:50:00,62706.07
2026-07-14T04:51:00,62716.49
2026-07-14T04:52:00,62709.21
2026-07-14T04:53:00,62700.0
2026-07-14T04:54:00,62727.08
2026-07-14T04:55:00,62730.66
2026-07-14T04:56:00,62707.25
2026-07-14T04:57:00,62713.99
2026-07-14T04:58:00,62762.62
2026-07-14T04:59:00,62745.23
2026-07-14T05:00:00,62712.35
2026-07-14T05:01:00,62706.01
2026-07-14T05:02:00,62709.14
2026-07-14T05:03:00,62724.93
2026-07-14T05:04:00,62733.99
2026-07-14T05:05:00,62739.99
2026-07-14T05:06:00,62791.54
2026-07-14T05:07:00,62776.99
2026-07-14T05:08:00,62828.38
2026-07-14T05:09:00,62851.21
2026-07-14T05:10:00,62840.03
2026-07-14T05:11:00,62829.53
2026-07-14T05:12:00,62810.29
2026-07-14T05:13:00,62823.76
2026-07-14T05:14:00,62824.16
2026-07-14T05:15:00,62810.29
2026-07-14T05:16:00,62792.97
2026-07-14T05:17:00,62785.49
2026-07-14T05:18:00,62785.48
2026-07-14T05:19:00,62795.04
2026-07-14T05:20:00,62772.48
2026-07-14T05:21:00,62815.01
2026-07-14T05:22:00,62810.62
2026-07-14T05:23:00,62868.0
2026-07-14T05:24:00,62850.72
2026-07-14T05:25:00,62862.81
2026-07-14T05:26:00,62872.0
2026-07-14T05:27:00,62871.65
2026-07-14T05:28:00,62850.0
2026-07-14T05:29:00,62842.01
2026-07-14T05:30:00,62846.03
2026-07-14T05:31:00,62843.35
2026-07-14T05:32:00,62860.0
2026-07-14T05:33:00,62863.99
2026-07-14T05:34:00,62828.31
2026-07-14T05:35:00,62814.0
2026-07-14T05:36:00,62804.03
2026-07-14T05:37:00,62772.48
2026-07-14T05:38:00,62766.79
2026-07-14T05:39:00,62753.56
2026-07-14T05:40:00,62760.6
2026-07-14T05:41:00,62740.12
2026-07-14T05:42:00,62716.79
2026-07-14T05:43:00,62731.65
2026-07-14T05:44:00,62753.96
2026-07-14T05:45:00,62729.44
2026-07-14T05:46:00,62726.8
2026-07-14T05:47:00,62702.53
2026-07-14T05:48:00,62726.0
2026-07-14T05:49:00,62726.01
2026-07-14T05:50:00,62709.85
2026-07-14T05:51:00,62726.0
2026-07-14T05:52:00,62711.92
2026-07-14T05:53:00,62726.01
2026-07-14T05:54:00,62727.61
2026-07-14T05:55:00,62711.95
2026-07-14T05:56:00,62724.0
2026-07-14T05:57:00,62710.1
2026-07-14T05:58:00,62709.98
2026-07-14T05:59:00,62737.0
2026-07-14T06:00:00,62727.12
2026-07-14T06:01:00,62727.14
2026-07-14T06:02:00,62727.13
2026-07-14T06:03:00,62700.02
2026-07-14T06:04:00,62693.99
2026-07-14T06:05:00,62680.17
2026-07-14T06:06:00,62675.57
2026-07-14T06:07:00,62671.57
2026-07-14T06:08:00,62658.49
2026-07-14T06:09:00,62658.48
2026-07-14T06:10:00,62684.86
2026-07-14T06:11:00,62673.5
2026-07-14T06:12:00,62691.06
2026-07-14T06:13:00,62712.31
2026-07-14T06:14:00,62647.99
2026-07-14T06:15:00,62671.46
2026-07-14T06:16:00,62671.46
2026-07-14T06:17:00,62664.76
2026-07-14T06:18:00,62672.0
2026-07-14T06:19:00,62668.32
2026-07-14T06:20:00,62684.5
2026-07-14T06:21:00,62675.19
2026-07-14T06:22:00,62665.14
2026-07-14T06:23:00,62682.0
2026-07-14T06:24:00,62702.71
2026-07-14T06:25:00,62689.99
2026-07-14T06:26:00,62697.21
2026-07-14T06:27:00,62684.01
2026-07-14T06:28:00,62676.0
2026-07-14T06:29:00,62688.81
2026-07-14T06:30:00,62702.98
2026-07-14T06:31:00,62737.98
2026-07-14T06:32:00,62710.97
2026-07-14T06:33:00,62730.0
2026-07-14T06:34:00,62752.38
2026-07-14T06:35:00,62756.86
2026-07-14T06:36:00,62750.73
2026-07-14T06:37:00,62710.0
2026-07-14T06:38:00,62698.0
2026-07-14T06:39:00,62659.84
2026-07-14T06:40:00,62657.71
2026-07-14T06:41:00,62675.33
2026-07-14T06:42:00,62680.01
2026-07-14T06:43:00,62681.99
2026-07-14T06:44:00,62690.0
2026-07-14T06:45:00,62673.45
2026-07-14T06:46:00,62672.0
2026-07-14T06:47:00,62673.45
2026-07-14T06:48:00,62671.21
2026-07-14T06:49:00,62665.0
2026-07-14T06:50:00,62660.4
2026-07-14T06:51:00,62658.17
2026-07-14T06:52:00,62664.96
2026-07-14T06:53:00,62659.2
2026-07-14T06:54:00,62618.32
2026-07-14T06:55:00,62612.52
2026-07-14T06:56:00,62591.14
2026-07-14T06:57:00,62584.35
2026-07-14T06:58:00,62604.8
2026-07-14T06:59:00,62624.05
2026-07-14T07:00:00,62607.68
2026-07-14T07:01:00,62635.01
2026-07-14T07:02:00,62594.0
2026-07-14T07:03:00,62593.99
2026-07-14T07:04:00,62627.99
2026-07-14T07:05:00,62651.99
2026-07-14T07:06:00,62604.0
2026-07-14T07:07:00,62612.0
2026-07-14T07:08:00,62626.0
2026-07-14T07:09:00,62608.0
2026-07-14T07:10:00,62586.02
2026-07-14T07:11:00,62576.0
2026-07-14T07:12:00,62578.0
2026-07-14T07:13:00,62567.82
2026-07-14T07:14:00,62600.0
2026-07-14T07:15:00,62584.0
2026-07-14T07:16:00,62596.0
2026-07-14T07:17:00,62607.98
2026-07-14T07:18:00,62612.13
2026-07-14T07:19:00,62609.76
2026-07-14T07:20:00,62601.99
2026-07-14T07:21:00,62606.0
2026-07-14T07:22:00,62587.99
2026-07-14T07:23:00,62598.59
2026-07-14T07:24:00,62606.0
2026-07-14T07:25:00,62622.01
2026-07-14T07:26:00,62651.99
2026-07-14T07:27:00,62646.76
2026-07-14T07:28:00,62630.16
2026-07-14T07:29:00,62636.71
2026-07-14T07:30:00,62621.99
2026-07-14T07:31:00,62613.85
2026-07-14T07:32:00,62619.99
2026-07-14T07:33:00,62617.99
2026-07-14T07:34:00,62638.0
2026-07-14T07:35:00,62620.13
2026-07-14T07:36:00,62631.56
2026-07-14T07:37:00,62595.54
2026-07-14T07:38:00,62603.43
2026-07-14T07:39:00,62596.19
2026-07-14T07:40:00,62592.95
2026-07-14T07:41:00,62607.23
2026-07-14T07:42:00,62606.0
2026-07-14T07:43:00,62602.89
2026-07-14T07:44:00,62575.99
2026-07-14T07:45:00,62569.35
2026-07-14T07:46:00,62516.93
2026-07-14T07:47:00,62555.42
2026-07-14T07:48:00,62557.85
2026-07-14T07:49:00,62561.03
2026-07-14T07:50:00,62567.69
2026-07-14T07:51:00,62575.79
2026-07-14T07:52:00,62573.95
2026-07-14T07:53:00,62588.0
2026-07-14T07:54:00,62588.62
2026-07-14T07:55:00,62574.74
2026-07-14T07:56:00,62577.99
2026-07-14T07:57:00,62560.93
2026-07-14T07:58:00,62566.0
2026-07-14T07:59:00,62560.92
2026-07-14T08:00:00,62572.67
2026-07-14T08:01:00,62564.19
2026-07-14T08:02:00,62560.0
2026-07-14T08:03:00,62539.99
2026-07-14T08:04:00,62573.39
2026-07-14T08:05:00,62574.5
2026-07-14T08:06:00,62568.0
2026-07-14T08:07:00,62543.79
2026-07-14T08:08:00,62524.01
2026-07-14T08:09:00,62524.0
2026-07-14T08:10:00,62530.25
2026-07-14T08:11:00,62544.48
2026-07-14T08:12:00,62552.0
2026-07-14T08:13:00,62536.0
2026-07-14T08:14:00,62547.99
2026-07-14T08:15:00,62566.01
2026-07-14T08:16:00,62619.99
2026-07-14T08:17:00,62598.03
2026-07-14T08:18:00,62610.0
2026-07-14T08:19:00,62604.96
2026-07-14T08:20:00,62598.0
2026-07-14T08:21:00,62580.0
2026-07-14T08:22:00,62589.19
2026-07-14T08:23:00,62580.0
2026-07-14T08:24:00,62580.0
2026-07-14T08:25:00,62619.99
2026-07-14T08:26:00,62646.01
2026-07-14T08:27:00,62660.02
2026-07-14T08:28:00,62662.85
2026-07-14T08:29:00,62664.01
2026-07-14T08:30:00,62665.91
2026-07-14T08:31:00,62654.21
2026-07-14T08:32:00,62640.73
2026-07-14T08:33:00,62647.99
2026-07-14T08:34:00,62665.01
2026-07-14T08:35:00,62657.95
2026-07-14T08:36:00,62690.0
2026-07-14T08:37:00,62700.0
2026-07-14T08:38:00,62748.0
2026-07-14T08:39:00,62747.09
2026-07-14T08:40:00,62743.45
2026-07-14T08:41:00,62793.49
2026-07-14T08:42:00,62795.55
2026-07-14T08:43:00,62780.97
2026-07-14T08:44:00,62780.97
2026-07-14T08:45:00,62783.37
2026-07-14T08:46:00,62772.47
2026-07-14T08:47:00,62754.0
2026-07-14T08:48:00,62722.0
2026-07-14T08:49:00,62720.28
2026-07-14T08:50:00,62720.28
2026-07-14T08:51:00,62700.9
2026-07-14T08:52:00,62698.9
2026-07-14T08:53:00,62704.98
2026-07-14T08:54:00,62715.99
2026-07-14T08:55:00,62723.97
2026-07-14T08:56:00,62719.47
2026-07-14T08:57:00,62711.91
2026-07-14T08:58:00,62700.02
2026-07-14T08:59:00,62713.85
2026-07-14T09:00:00,62687.09
2026-07-14T09:01:00,62691.31
2026-07-14T09:02:00,62725.07
2026-07-14T09:03:00,62716.76
2026-07-14T09:04:00,62742.0
2026-07-14T09:05:00,62722.0
2026-07-14T09:06:00,62684.0
2026-07-14T09:07:00,62672.01
2026-07-14T09:08:00,62674.98
2026-07-14T09:09:00,62692.57
2026-07-14T09:10:00,62668.33
2026-07-14T09:11:00,62686.4
2026-07-14T09:12:00,62692.78
2026-07-14T09:13:00,62688.0
2026-07-14T09:14:00,62699.27
2026-07-14T09:15:00,62714.72
2026-07-14T09:16:00,62721.44
2026-07-14T09:17:00,62720.0
2026-07-14T09:18:00,62687.98
2026-07-14T09:19:00,62675.6
2026-07-14T09:20:00,62697.08
2026-07-14T09:21:00,62707.26
2026-07-14T09:22:00,62695.01
2026-07-14T09:23:00,62659.42
2026-07-14T09:24:00,62689.4
2026-07-14T09:25:00,62693.11
2026-07-14T09:26:00,62700.42
2026-07-14T09:27:00,62685.26
2026-07-14T09:28:00,62685.27
2026-07-14T09:29:00,62674.27
2026-07-14T09:30:00,62664.0
2026-07-14T09:31:00,62642.97
2026-07-14T09:32:00,62653.48
2026-07-14T09:33:00,62633.67
2026-07-14T09:34:00,62610.01
2026-07-14T09:35:00,62610.65
2026-07-14T09:36:00,62580.0
2026-07-14T09:37:00,62538.01
2026-07-14T09:38:00,62549.99
2026-07-14T09:39:00,62622.01
2026-07-14T09:40:00,62587.21
2026-07-14T09:41:00,62589.98
2026-07-14T09:42:00,62596.0
2026-07-14T09:43:00,62585.45
2026-07-14T09:44:00,62564.18
2026-07-14T09:45:00,62548.83
2026-07-14T09:46:00,62546.0
2026-07-14T09:47:00,62581.72
2026-07-14T09:48:00,62612.0
2026-07-14T09:49:00,62606.01
2026-07-14T09:50:00,62582.22
2026-07-14T09:51:00,62582.0
2026-07-14T09:52:00,62565.43
2026-07-14T09:53:00,62580.0
2026-07-14T09:54:00,62612.01
2026-07-14T09:55:00,62635.0
2026-07-14T09:56:00,62626.01
2026-07-14T09:57:00,62629.55
2026-07-14T09:58:00,62629.55
2026-07-14T09:59:00,62629.55
2026-07-14T10:00:00,62651.35
2026-07-14T10:01:00,62672.0
2026-07-14T10:02:00,62704.01
2026-07-14T10:03:00,62690.01
2026-07-14T10:04:00,62698.0
2026-07-14T10:05:00,62698.0
2026-07-14T10:06:00,62725.35
2026-07-14T10:07:00,62712.0
2026-07-14T10:08:00,62696.1
2026-07-14T10:09:00,62721.99
2026-07-14T10:10:00,62730.0
2026-07-14T10:11:00,62726.77
2026-07-14T10:12:00,62721.99
2026-07-14T10:13:00,62722.0
2026-07-14T10:14:00,62718.0
2026-07-14T10:15:00,62724.0
2026-07-14T10:16:00,62734.32
2026-07-14T10:17:00,62715.41
2026-07-14T10:18:00,62725.62
2026-07-14T10:19:00,62705.79
2026-07-14T10:20:00,62689.89
2026-07-14T10:21:00,62697.59
2026-07-14T10:22:00,62692.33
2026-07-14T10:23:00,62688.0
2026-07-14T10:24:00,62725.99
2026-07-14T10:25:00,62705.27
2026-07-14T10:26:00,62683.38
2026-07-14T10:27:00,62680.01
2026-07-14T10:28:00,62671.01
2026-07-14T10:29:00,62668.32
2026-07-14T10:30:00,62682.0
2026-07-14T10:31:00,62626.0
2026-07-14T10:32:00,62613.17
2026-07-14T10:33:00,62627.14
2026-07-14T10:34:00,62630.04
2026-07-14T10:35:00,62656.52
2026-07-14T10:36:00,62669.99
2026-07-14T10:37:00,62709.29
2026-07-14T10:38:00,62722.56
2026-07-14T10:39:00,62753.83
2026-07-14T10:40:00,62772.48
2026-07-14T10:41:00,62791.03
2026-07-14T10:42:00,62774.01
2026-07-14T10:43:00,62764.0
2026-07-14T10:44:00,62807.99
2026-07-14T10:45:00,62800.01
2026-07-14T10:46:00,62816.0
2026-07-14T10:47:00,62842.85
2026-07-14T10:48:00,62843.99
2026-07-14T10:49:00,62893.67
2026-07-14T10:50:00,62883.97
2026-07-14T10:51:00,62828.38
2026-07-14T10:52:00,62813.99
2026-07-14T10:53:00,62809.52
2026-07-14T10:54:00,62820.0
2026-07-14T10:55:00,62827.99
2026-07-14T10:56:00,62799.72
2026-07-14T10:57:00,62841.45
2026-07-14T10:58:00,62825.99
2026-07-14T10:59:00,62800.0
2026-07-14T11:00:00,62744.01
2026-07-14T11:01:00,62760.02
2026-07-14T11:02:00,62754.0
2026-07-14T11:03:00,62753.97
2026-07-14T11:04:00,62731.99
2026-07-14T11:05:00,62746.0
2026-07-14T11:06:00,62766.33
2026-07-14T11:07:00,62738.0
2026-07-14T11:08:00,62715.05
2026-07-14T11:09:00,62745.21
2026-07-14T11:10:00,62734.87
2026-07-14T11:11:00,62731.99
2026-07-14T11:12:00,62753.99
2026-07-14T11:13:00,62760.0
2026-07-14T11:14:00,62792.09
2026-07-14T11:15:00,62824.41
2026-07-14T11:16:00,62820.0
2026-07-14T11:17:00,62794.29
2026-07-14T11:18:00,62784.78
2026-07-14T11:19:00,62809.19
2026-07-14T11:20:00,62821.38
2026-07-14T11:21:00,62782.77
2026-07-14T11:22:00,62762.46
2026-07-14T11:23:00,62777.33
2026-07-14T11:24:00,62814.0
2026-07-14T11:25:00,62833.99
2026-07-14T11:26:00,62813.64
2026-07-14T11:27:00,62857.93
2026-07-14T11:28:00,62869.91
2026-07-14T11:29:00,62865.76
2026-07-14T11:30:00,62872.42
2026-07-14T11:31:00,62854.92
2026-07-14T11:32:00,62858.0
2026-07-14T11:33:00,62898.0
2026-07-14T11:34:00,62913.58
2026-07-14T11:35:00,62896.0
2026-07-14T11:36:00,62892.01
2026-07-14T11:37:00,62856.01
2026-07-14T11:38:00,62823.3
2026-07-14T11:39:00,62846.0
2026-07-14T11:40:00,62850.0
2026-07-14T11:41:00,62861.49
2026-07-14T11:42:00,62870.0
2026-07-14T11:43:00,62870.01
2026-07-14T11:44:00,62862.0
2026-07-14T11:45:00,62849.46
2026-07-14T11:46:00,62860.0
2026-07-14T11:47:00,62864.01
2026-07-14T11:48:00,62845.93
2026-07-14T11:49:00,62840.01
2026-07-14T11:50:00,62858.0
2026-07-14T11:51:00,62875.0
2026-07-14T11:52:00,62883.79
2026-07-14T11:53:00,62883.79
2026-07-14T11:54:00,62876.63
2026-07-14T11:55:00,62868.01
2026-07-14T11:56:00,62842.01
2026-07-14T11:57:00,62854.13
2026-07-14T11:58:00,62854.01
2026-07-14T11:59:00,62844.99
2026-07-14T12:00:00,62836.38
2026-07-14T12:01:00,62850.91
2026-07-14T12:02:00,62858.29
2026-07-14T12:03:00,62855.99
2026-07-14T12:04:00,62821.99
2026-07-14T12:05:00,62808.0
2026-07-14T12:06:00,62806.58
2026-07-14T12:07:00,62799.41
2026-07-14T12:08:00,62788.47
2026-07-14T12:09:00,62789.32
2026-07-14T12:10:00,62790.0
2026-07-14T12:11:00,62781.08
2026-07-14T12:12:00,62809.53
2026-07-14T12:13:00,62828.69
2026-07-14T12:14:00,62852.75
2026-07-14T12:15:00,62818.27
2026-07-14T12:16:00,62855.99
2026-07-14T12:17:00,62881.32
2026-07-14T12:18:00,62904.44
2026-07-14T12:19:00,62930.49
2026-07-14T12:20:00,62938.01
2026-07-14T12:21:00,62956.52
2026-07-14T12:22:00,62963.07
2026-07-14T12:23:00,62969.41
2026-07-14T12:24:00,63060.01
2026-07-14T12:25:00,63030.0
2026-07-14T12:26:00,63019.53
2026-07-14T12:27:00,63019.09
2026-07-14T12:28:00,62912.8
2026-07-14T12:29:00,62957.97
2026-07-14T12:30:00,63545.64
2026-07-14T12:31:00,63377.92
2026-07-14T12:32:00,63388.0
2026-07-14T12:33:00,63540.0
2026-07-14T12:34:00,63475.99
2026-07-14T12:35:00,63487.36
2026-07-14T12:36:00,63514.53
2026-07-14T12:37:00,63586.55
2026-07-14T12:38:00,63526.02
2026-07-14T12:39:00,63441.68
2026-07-14T12:40:00,63424.0
2026-07-14T12:41:00,63423.2
2026-07-14T12:42:00,63537.99
2026-07-14T12:43:00,63558.0
2026-07-14T12:44:00,63554.22
2026-07-14T12:45:00,63704.0
2026-07-14T12:46:00,63790.01
2026-07-14T12:47:00,63799.78
2026-07-14T12:48:00,63726.12
2026-07-14T12:49:00,63726.0
2026-07-14T12:50:00,63794.01
2026-07-14T12:51:00,63832.98
2026-07-14T12:52:00,63825.99
2026-07-14T12:53:00,63859.57
2026-07-14T12:54:00,63808.0
2026-07-14T12:55:00,63847.2
2026-07-14T12:56:00,63918.09
2026-07-14T12:57:00,63934.44
2026-07-14T12:58:00,63925.25
2026-07-14T12:59:00,63960.0
2026-07-14T13:00:00,63838.0
2026-07-14T13:01:00,63866.0
2026-07-14T13:02:00,63900.0
2026-07-14T13:03:00,63846.52
2026-07-14T13:04:00,63813.97
2026-07-14T13:05:00,63868.0
2026-07-14T13:06:00,63823.99
2026-07-14T13:07:00,63841.99
2026-07-14T13:08:00,63808.62
2026-07-14T13:09:00,63789.98
2026-07-14T13:10:00,63769.86
2026-07-14T13:11:00,63819.14
2026-07-14T13:12:00,63782.0
2026-07-14T13:13:00,63777.14
2026-07-14T13:14:00,63792.75
2026-07-14T13:15:00,63834.53
2026-07-14T13:16:00,63886.0
2026-07-14T13:17:00,63869.93
2026-07-14T13:18:00,63886.86
2026-07-14T13:19:00,63874.34
2026-07-14T13:20:00,63984.95
2026-07-14T13:21:00,64020.0
2026-07-14T13:22:00,64074.56
2026-07-14T13:23:00,64120.01
2026-07-14T13:24:00,64110.0
2026-07-14T13:25:00,64053.36
2026-07-14T13:26:00,64002.72
2026-07-14T13:27:00,63996.01
2026-07-14T13:28:00,63940.7
2026-07-14T13:29:00,63958.68
2026-07-14T13:30:00,63931.8
2026-07-14T13:31:00,63939.22
2026-07-14T13:32:00,63848.01
2026-07-14T13:33:00,63822.45
2026-07-14T13:34:00,63813.96
2026-07-14T13:35:00,63797.11
2026-07-14T13:36:00,63798.35
2026-07-14T13:37:00,63860.0
2026-07-14T13:38:00,63944.21
2026-07-14T13:39:00,63911.99
2026-07-14T13:40:00,63910.01
2026-07-14T13:41:00,63900.01
2026-07-14T13:42:00,63813.97
2026-07-14T13:43:00,63745.0
2026-07-14T13:44:00,63788.8
2026-07-14T13:45:00,63834.51
2026-07-14T13:46:00,63772.19
2026-07-14T13:47:00,63721.55
2026-07-14T13:48:00,63703.99
2026-07-14T13:49:00,63822.9
2026-07-14T13:50:00,63845.32
2026-07-14T13:51:00,63842.0
2026-07-14T13:52:00,63772.0
2026-07-14T13:53:00,63879.99
2026-07-14T13:54:00,63823.97
2026-07-14T13:55:00,63808.0
2026-07-14T13:56:00,63802.06
2026-07-14T13:57:00,63836.06
2026-07-14T13:58:00,63818.0
2026-07-14T13:59:00,63840.01
2026-07-14T14:00:00,63813.97
2026-07-14T14:01:00,63769.99
2026-07-14T14:02:00,63738.67
2026-07-14T14:03:00,63779.99
2026-07-14T14:04:00,63611.99
2026-07-14T14:05:00,63674.0
2026-07-14T14:06:00,63709.81
2026-07-14T14:07:00,63720.01
2026-07-14T14:08:00,63724.82
2026-07-14T14:09:00,63707.99
2026-07-14T14:10:00,63665.98
2026-07-14T14:11:00,63764.69
2026-07-14T14:12:00,63813.96
2026-07-14T14:13:00,63826.0
2026-07-14T14:14:00,63872.21
2026-07-14T14:15:00,63838.21
2026-07-14T14:16:00,63827.38
2026-07-14T14:17:00,63848.54
2026-07-14T14:18:00,63860.0
2026-07-14T14:19:00,63854.0
2026-07-14T14:20:00,63813.96
2026-07-14T14:21:00,63823.82
2026-07-14T14:22:00,63839.99
2026-07-14T14:23:00,63834.01
2026-07-14T14:24:00,63828.72
2026-07-14T14:25:00,63847.99
2026-07-14T14:26:00,63879.91
2026-07-14T14:27:00,63849.45
2026-07-14T14:28:00,63862.39
2026-07-14T14:29:00,63915.06
2026-07-14T14:30:00,63884.46
2026-07-14T14:31:00,63865.97
2026-07-14T14:32:00,63904.23
2026-07-14T14:33:00,63886.96
2026-07-14T14:34:00,63965.98
2026-07-14T14:35:00,64057.82
2026-07-14T14:36:00,64002.6
2026-07-14T14:37:00,63979.99
2026-07-14T14:38:00,64021.99
2026-07-14T14:39:00,64014.01
2026-07-14T14:40:00,64072.76
2026-07-14T14:41:00,64038.0
2026-07-14T14:42:00,64024.89
2026-07-14T14:43:00,63996.01
2026-07-14T14:44:00,64025.99
2026-07-14T14:45:00,64014.7
2026-07-14T14:46:00,63965.77
2026-07-14T14:47:00,63982.0
2026-07-14T14:48:00,63990.0
2026-07-14T14:49:00,63974.0
2026-07-14T14:50:00,63974.0
2026-07-14T14:51:00,63994.6
2026-07-14T14:52:00,64031.52
2026-07-14T14:53:00,64045.23
2026-07-14T14:54:00,64072.93
2026-07-14T14:55:00,64067.2
2026-07-14T14:56:00,64026.33
2026-07-14T14:57:00,64061.26
2026-07-14T14:58:00,64118.0
2026-07-14T14:59:00,64305.02
2026-07-14T15:00:00,64256.75
2026-07-14T15:01:00,64312.03
2026-07-14T15:02:00,64276.15
2026-07-14T15:03:00,64290.0
2026-07-14T15:04:00,64362.0
2026-07-14T15:05:00,64236.43
2026-07-14T15:06:00,64230.55
2026-07-14T15:07:00,64200.0
2026-07-14T15:08:00,64330.0
2026-07-14T15:09:00,64268.0
2026-07-14T15:10:00,64276.14
2026-07-14T15:11:00,64271.34
2026-07-14T15:12:00,64251.95
2026-07-14T15:13:00,64217.2
2026-07-14T15:14:00,64208.9
2026-07-14T15:15:00,64209.99
2026-07-14T15:16:00,64218.0
2026-07-14T15:17:00,64292.01
2026-07-14T15:18:00,64296.0
2026-07-14T15:19:00,64315.99
2026-07-14T15:20:00,64342.0
2026-07-14T15:21:00,64363.73
2026-07-14T15:22:00,64326.77
2026-07-14T15:23:00,64296.0
2026-07-14T15:24:00,64274.51
2026-07-14T15:25:00,64294.4
2026-07-14T15:26:00,64274.0
2026-07-14T15:27:00,64335.08
2026-07-14T15:28:00,64410.73
2026-07-14T15:29:00,64499.08
2026-07-14T15:30:00,64513.99
2026-07-14T15:31:00,64900.86
2026-07-14T15:32:00,64854.15
2026-07-14T15:33:00,64786.01
2026-07-14T15:34:00,64873.99
2026-07-14T15:35:00,64790.0
2026-07-14T15:36:00,64782.0
2026-07-14T15:37:00,64800.0
2026-07-14T15:38:00,64774.01
2026-07-14T15:39:00,64815.93
2026-07-14T15:40:00,64750.72
2026-07-14T15:41:00,64722.56
2026-07-14T15:42:00,64709.4
2026-07-14T15:43:00,64797.62
2026-07-14T15:44:00,64781.78
2026-07-14T15:45:00,64820.0
2026-07-14T15:46:00,64808.01
2026-07-14T15:47:00,64784.07
2026-07-14T15:48:00,64819.03
2026-07-14T15:49:00,64834.0
2026-07-14T15:50:00,64788.0
2026-07-14T15:51:00,64681.28
2026-07-14T15:52:00,64652.57
2026-07-14T15:53:00,64627.88
2026-07-14T15:54:00,64590.0
2026-07-14T15:55:00,64592.61
2026-07-14T15:56:00,64610.0
2026-07-14T15:57:00,64663.22
2026-07-14T15:58:00,64750.0
2026-07-14T15:59:00,64743.99
2026-07-14T16:00:00,64783.23
2026-07-14T16:01:00,64654.0
2026-07-14T16:02:00,64728.86
2026-07-14T16:03:00,64714.01
2026-07-14T16:04:00,64737.54
2026-07-14T16:05:00,64738.0
2026-07-14T16:06:00,64752.0
2026-07-14T16:07:00,64803.2
2026-07-14T16:08:00,64828.0
2026-07-14T16:09:00,64870.59
2026-07-14T16:10:00,64860.44
2026-07-14T16:11:00,64866.87
2026-07-14T16:12:00,64839.17
2026-07-14T16:13:00,64750.31
2026-07-14T16:14:00,64734.0
2026-07-14T16:15:00,64718.43
2026-07-14T16:16:00,64734.0
2026-07-14T16:17:00,64681.85
2026-07-14T16:18:00,64708.0
2026-07-14T16:19:00,64763.99
2026-07-14T16:20:00,64783.23
2026-07-14T16:21:00,64792.93
2026-07-14T16:22:00,64744.21
2026-07-14T16:23:00,64753.31
2026-07-14T16:24:00,64814.01
2026-07-14T16:25:00,64852.55
2026-07-14T16:26:00,64882.62
2026-07-14T16:27:00,64873.99
2026-07-14T16:28:00,64852.15
2026-07-14T16:29:00,64822.87
2026-07-14T16:30:00,64835.99
2026-07-14T16:31:00,64851.56
2026-07-14T16:32:00,64824.01
2026-07-14T16:33:00,64840.0
2026-07-14T16:34:00,64876.0
2026-07-14T16:35:00,64888.99
2026-07-14T16:36:00,64872.1
2026-07-14T16:37:00,64841.58
2026-07-14T16:38:00,64874.0
2026-07-14T16:39:00,64836.0
2026-07-14T16:40:00,64836.01
2026-07-14T16:41:00,64850.57
2026-07-14T16:42:00,64826.01
2026-07-14T16:43:00,64816.0
2026-07-14T16:44:00,64783.23
2026-07-14T16:45:00,64790.01
2026-07-14T16:46:00,64763.43
2026-07-14T16:47:00,64758.0
2026-07-14T16:48:00,64758.66
2026-07-14T16:49:00,64754.0
2026-07-14T16:50:00,64796.84
2026-07-14T16:51:00,64810.54
2026-07-14T16:52:00,64850.0
2026-07-14T16:53:00,64779.99
2026-07-14T16:54:00,64783.23
2026-07-14T16:55:00,64772.54
2026-07-14T16:56:00,64776.02
2026-07-14T16:57:00,64776.0
2026-07-14T16:58:00,64742.57
2026-07-14T16:59:00,64730.0
2026-07-14T17:00:00,64700.0
2026-07-14T17:01:00,64686.75
2026-07-14T17:02:00,64695.13
2026-07-14T17:03:00,64685.01
2026-07-14T17:04:00,64691.67
2026-07-14T17:05:00,64666.01
2026-07-14T17:06:00,64631.63
2026-07-14T17:07:00,64624.07
2026-07-14T17:08:00,64572.55
2026-07-14T17:09:00,64593.58
2026-07-14T17:10:00,64592.05
2026-07-14T17:11:00,64424.78
2026-07-14T17:12:00,64525.52
2026-07-14T17:13:00,64580.0
2026-07-14T17:14:00,64601.24
2026-07-14T17:15:00,64624.01
2026-07-14T17:16:00,64594.41
2026-07-14T17:17:00,64530.27
2026-07-14T17:18:00,64474.95
2026-07-14T17:19:00,64456.02
2026-07-14T17:20:00,64457.16
2026-07-14T17:21:00,64489.99
2026-07-14T17:22:00,64390.1
2026-07-14T17:23:00,64487.99
2026-07-14T17:24:00,64485.99
2026-07-14T17:25:00,64453.99
2026-07-14T17:26:00,64519.99
2026-07-14T17:27:00,64541.99
2026-07-14T17:28:00,64549.31
2026-07-14T17:29:00,64522.65
2026-07-14T17:30:00,64498.01
2026-07-14T17:31:00,64523.52
2026-07-14T17:32:00,64460.2
2026-07-14T17:33:00,64436.45
2026-07-14T17:34:00,64438.73
2026-07-14T17:35:00,64479.99
2026-07-14T17:36:00,64436.0
2026-07-14T17:37:00,64458.01
2026-07-14T17:38:00,64463.99
2026-07-14T17:39:00,64464.0
2026-07-14T17:40:00,64481.24
2026-07-14T17:41:00,64466.01
2026-07-14T17:42:00,64478.97
2026-07-14T17:43:00,64496.0
2026-07-14T17:44:00,64520.2
2026-07-14T17:45:00,64532.0
2026-07-14T17:46:00,64520.0
2026-07-14T17:47:00,64504.74
2026-07-14T17:48:00,64510.01
2026-07-14T17:49:00,64518.83
2026-07-14T17:50:00,64609.81
2026-07-14T17:51:00,64622.01
2026-07-14T17:52:00,64616.0
2026-07-14T17:53:00,64632.1
2026-07-14T17:54:00,64643.99
2026-07-14T17:55:00,64648.87
2026-07-14T17:56:00,64680.47
2026-07-14T17:57:00,64659.41
2026-07-14T17:58:00,64653.18
2026-07-14T17:59:00,64621.43
2026-07-14T18:00:00,64609.13
2026-07-14T18:01:00,64599.99
2026-07-14T18:02:00,64609.99
2026-07-14T18:03:00,64583.72
2026-07-14T18:04:00,64583.38
2026-07-14T18:05:00,64554.6
2026-07-14T18:06:00,64554.6
2026-07-14T18:07:00,64549.99
2026-07-14T18:08:00,64537.33
2026-07-14T18:09:00,64494.01
2026-07-14T18:10:00,64500.08
2026-07-14T18:11:00,64523.99
2026-07-14T18:12:00,64523.95
2026-07-14T18:13:00,64515.99
2026-07-14T18:14:00,64489.67
2026-07-14T18:15:00,64518.75
2026-07-14T18:16:00,64524.02
2026-07-14T18:17:00,64537.04
2026-07-14T18:18:00,64542.01
2026-07-14T18:19:00,64532.0
2026-07-14T18:20:00,64535.0
2026-07-14T18:21:00,64503.31
2026-07-14T18:22:00,64522.0
2026-07-14T18:23:00,64505.98
2026-07-14T18:24:00,64489.99
2026-07-14T18:25:00,64535.0
2026-07-14T18:26:00,64550.39
2026-07-14T18:27:00,64524.01
2026-07-14T18:28:00,64547.57
2026-07-14T18:29:00,64518.14
2026-07-14T18:30:00,64482.0
2026-07-14T18:31:00,64518.69
2026-07-14T18:32:00,64532.77
2026-07-14T18:33:00,64577.71
2026-07-14T18:34:00,64555.01
2026-07-14T18:35:00,64562.74
2026-07-14T18:36:00,64580.0
2026-07-14T18:37:00,64565.97
2026-07-14T18:38:00,64617.16
2026-07-14T18:39:00,64635.98
2026-07-14T18:40:00,64614.01
2026-07-14T18:41:00,64547.28
2026-07-14T18:42:00,64571.98
2026-07-14T18:43:00,64564.81
2026-07-14T18:44:00,64578.72
2026-07-14T18:45:00,64610.03
2026-07-14T18:46:00,64608.01
2026-07-14T18:47:00,64618.01
2026-07-14T18:48:00,64626.15
2026-07-14T18:49:00,64594.41
2026-07-14T18:50:00,64564.0
2026-07-14T18:51:00,64576.0
2026-07-14T18:52:00,64564.0
2026-07-14T18:53:00,64574.0
2026-07-14T18:54:00,64566.0
2026-07-14T18:55:00,64552.9
2026-07-14T18:56:00,64575.99
2026-07-14T18:57:00,64556.0
2026-07-14T18:58:00,64554.0
2026-07-14T18:59:00,64571.98
2026-07-14T19:00:00,64600.0
2026-07-14T19:01:00,64608.0
2026-07-14T19:02:00,64596.01
2026-07-14T19:03:00,64608.01
2026-07-14T19:04:00,64602.0
2026-07-14T19:05:00,64580.0
2026-07-14T19:06:00,64589.99
2026-07-14T19:07:00,64568.0
2026-07-14T19:08:00,64581.88
2026-07-14T19:09:00,64560.99
2026-07-14T19:10:00,64577.51
2026-07-14T19:11:00,64569.83
2026-07-14T19:12:00,64605.12
2026-07-14T19:13:00,64640.0
2026-07-14T19:14:00,64622.0
2026-07-14T19:15:00,64608.0
2026-07-14T19:16:00,64594.41
2026-07-14T19:17:00,64585.99
2026-07-14T19:18:00,64578.65
2026-07-14T19:19:00,64604.88
2026-07-14T19:20:00,64621.97
2026-07-14T19:21:00,64629.02
2026-07-14T19:22:00,64664.0
2026-07-14T19:23:00,64650.01
2026-07-14T19:24:00,64623.32
2026-07-14T19:25:00,64624.82
2026-07-14T19:26:00,64617.12
2026-07-14T19:27:00,64617.11
2026-07-14T19:28:00,64613.42
2026-07-14T19:29:00,64562.01
2026-07-14T19:30:00,64538.32
2026-07-14T19:31:00,64535.21
2026-07-14T19:32:00,64536.71
2026-07-14T19:33:00,64526.0
2026-07-14T19:34:00,64508.0
2026-07-14T19:35:00,64504.85
2026-07-14T19:36:00,64529.99
2026-07-14T19:37:00,64504.01
2026-07-14T19:38:00,64487.39
2026-07-14T19:39:00,64508.0
2026-07-14T19:40:00,64502.01
2026-07-14T19:41:00,64506.01
2026-07-14T19:42:00,64544.81
2026-07-14T19:43:00,64538.49
2026-07-14T19:44:00,64542.0
2026-07-14T19:45:00,64570.0
2026-07-14T19:46:00,64585.59
2026-07-14T19:47:00,64584.56
2026-07-14T19:48:00,64582.0
2026-07-14T19:49:00,64591.99
2026-07-14T19:50:00,64592.0
2026-07-14T19:51:00,64605.66
2026-07-14T19:52:00,64630.51
2026-07-14T19:53:00,64631.99
2026-07-14T19:54:00,64630.66
2026-07-14T19:55:00,64628.0
2026-07-14T19:56:00,64654.02
2026-07-14T19:57:00,64636.01
2026-07-14T19:58:00,64622.97
2026-07-14T19:59:00,64569.59
2026-07-14T20:00:00,64564.23
2026-07-14T20:01:00,64555.98
2026-07-14T20:02:00,64514.01
2026-07-14T20:03:00,64532.0
2026-07-14T20:04:00,64510.0
2026-07-14T20:05:00,64484.03
2026-07-14T20:06:00,64482.99
2026-07-14T20:07:00,64475.78
2026-07-14T20:08:00,64484.01
2026-07-14T20:09:00,64499.99
2026-07-14T20:10:00,64499.99
2026-07-14T20:11:00,64498.01
2026-07-14T20:12:00,64478.45
2026-07-14T20:13:00,64485.37
2026-07-14T20:14:00,64460.01
2026-07-14T20:15:00,64465.89
2026-07-14T20:16:00,64481.99
2026-07-14T20:17:00,64495.82
2026-07-14T20:18:00,64484.0
2026-07-14T20:19:00,64491.99
2026-07-14T20:20:00,64490.86
2026-07-14T20:21:00,64480.85
2026-07-14T20:22:00,64481.99
2026-07-14T20:23:00,64457.04
2026-07-14T20:24:00,64457.0
2026-07-14T20:25:00,64454.0
2026-07-14T20:26:00,64445.99
2026-07-14T20:27:00,64462.82
2026-07-14T20:28:00,64450.01
2026-07-14T20:29:00,64448.01
2026-07-14T20:30:00,64446.29
2026-07-14T20:31:00,64447.99
2026-07-14T20:32:00,64449.99
2026-07-14T20:33:00,64449.99
2026-07-14T20:34:00,64455.0
2026-07-14T20:35:00,64446.57
2026-07-14T20:36:00,64444.0
2026-07-14T20:37:00,64444.0
2026-07-14T20:38:00,64428.67
2026-07-14T20:39:00,64433.46
2026-07-14T20:40:00,64439.99
2026-07-14T20:41:00,64439.99
2026-07-14T20:42:00,64424.0
2026-07-14T20:43:00,64424.01
2026-07-14T20:44:00,64487.42
2026-07-14T20:45:00,64487.42
2026-07-14T20:46:00,64500.0
2026-07-14T20:47:00,64522.0
2026-07-14T20:48:00,64490.87
2026-07-14T20:49:00,64480.0
2026-07-14T20:50:00,64469.01
2026-07-14T20:51:00,64460.0
2026-07-14T20:52:00,64468.6
2026-07-14T20:53:00,64460.01
2026-07-14T20:54:00,64518.0
2026-07-14T20:55:00,64521.99
2026-07-14T20:56:00,64542.0
2026-07-14T20:57:00,64554.0
2026-07-14T20:58:00,64596.01
2026-07-14T20:59:00,64572.02
2026-07-14T21:00:00,64585.91
2026-07-14T21:01:00,64552.81
2026-07-14T21:02:00,64526.0
2026-07-14T21:03:00,64554.0
2026-07-14T21:04:00,64554.86
2026-07-14T21:05:00,64577.99
2026-07-14T21:06:00,64574.01
2026-07-14T21:07:00,64575.82
2026-07-14T21:08:00,64598.0
2026-07-14T21:09:00,64594.41
2026-07-14T21:10:00,64608.68
2026-07-14T21:11:00,64615.01
2026-07-14T21:12:00,64615.02
2026-07-14T21:13:00,64610.89
2026-07-14T21:14:00,64615.02
2026-07-14T21:15:00,64616.01
2026-07-14T21:16:00,64621.19
2026-07-14T21:17:00,64645.22
2026-07-14T21:18:00,64637.49
2026-07-14T21:19:00,64629.55
2026-07-14T21:20:00,64647.99
2026-07-14T21:21:00,64647.29
2026-07-14T21:22:00,64632.7
2026-07-14T21:23:00,64634.0
2026-07-14T21:24:00,64634.0
2026-07-14T21:25:00,64628.01
2026-07-14T21:26:00,64628.01
2026-07-14T21:27:00,64669.31
2026-07-14T21:28:00,64678.03
2026-07-14T21:29:00,64662.01
2026-07-14T21:30:00,64668.8
2026-07-14T21:31:00,64681.53
2026-07-14T21:32:00,64674.05
2026-07-14T21:33:00,64688.0
2026-07-14T21:34:00,64687.99
2026-07-14T21:35:00,64680.45
2026-07-14T21:36:00,64680.46
2026-07-14T21:37:00,64687.99
2026-07-14T21:38:00,64682.71
2026-07-14T21:39:00,64750.01
2026-07-14T21:40:00,64782.0
2026-07-14T21:41:00,64873.99
2026-07-14T21:42:00,64780.0
2026-07-14T21:43:00,64743.67
2026-07-14T21:44:00,64737.19
2026-07-14T21:45:00,64717.2
2026-07-14T21:46:00,64717.07
2026-07-14T21:47:00,64718.0
2026-07-14T21:48:00,64722.4
2026-07-14T21:49:00,64700.79
2026-07-14T21:50:00,64700.8
2026-07-14T21:51:00,64661.99
2026-07-14T21:52:00,64661.99
2026-07-14T21:53:00,64652.0
2026-07-14T21:54:00,64651.99
2026-07-14T21:55:00,64661.58
2026-07-14T21:56:00,64661.57
2026-07-14T21:57:00,64673.99
2026-07-14T21:58:00,64669.36
2026-07-14T21:59:00,64676.9
2026-07-14T22:00:00,64624.58
2026-07-14T22:01:00,64620.35
2026-07-14T22:02:00,64608.65
2026-07-14T22:03:00,64603.99
2026-07-14T22:04:00,64611.43
2026-07-14T22:05:00,64621.99
2026-07-14T22:06:00,64626.56
2026-07-14T22:07:00,64630.01
2026-07-14T22:08:00,64596.0
2026-07-14T22:09:00,64594.4
2026-07-14T22:10:00,64560.0
2026-07-14T22:11:00,64545.99
2026-07-14T22:12:00,64538.01
2026-07-14T22:13:00,64537.99
2026-07-14T22:14:00,64538.0
2026-07-14T22:15:00,64565.56
2026-07-14T22:16:00,64578.78
2026-07-14T22:17:00,64601.35
2026-07-14T22:18:00,64617.19
2026-07-14T22:19:00,64764.01
2026-07-14T22:20:00,65017.78
2026-07-14T22:21:00,65061.54
2026-07-14T22:22:00,64958.0
2026-07-14T22:23:00,64900.54
2026-07-14T22:24:00,65016.01
2026-07-14T22:25:00,64932.01
2026-07-14T22:26:00,64934.91
2026-07-14T22:27:00,64972.01
2026-07-14T22:28:00,64968.0
2026-07-14T22:29:00,64930.0
2026-07-14T22:30:00,64919.4
2026-07-14T22:31:00,64927.99
2026-07-14T22:32:00,64915.58
2026-07-14T22:33:00,64970.0
2026-07-14T22:34:00,64984.01
2026-07-14T22:35:00,64961.02
2026-07-14T22:36:00,64964.0
2026-07-14T22:37:00,65027.99
2026-07-14T22:38:00,64990.01
2026-07-14T22:39:00,64942.71
2026-07-14T22:40:00,64940.01
2026-07-14T22:41:00,64934.64
2026-07-14T22:42:00,64959.99
2026-07-14T22:43:00,64940.01
2026-07-14T22:44:00,64917.21
2026-07-14T22:45:00,64931.99
2026-07-14T22:46:00,64958.01
2026-07-14T22:47:00,64919.55
2026-07-14T22:48:00,64921.99
2026-07-14T22:49:00,64913.99
2026-07-14T22:50:00,64910.0
2026-07-14T22:51:00,64900.01
2026-07-14T22:52:00,64904.9
2026-07-14T22:53:00,64942.66
2026-07-14T22:54:00,64918.0
2026-07-14T22:55:00,64912.1
2026-07-14T22:56:00,64916.5
2026-07-14T22:57:00,64893.66
2026-07-14T22:58:00,64875.99
2026-07-14T22:59:00,64860.89
2026-07-14T23:00:00,64882.08
2026-07-14T23:01:00,64794.01
2026-07-14T23:02:00,64799.99
2026-07-14T23:03:00,64826.6
2026-07-14T23:04:00,64836.0
2026-07-14T23:05:00,64838.0
2026-07-14T23:06:00,64834.0
2026-07-14T23:07:00,64857.99
2026-07-14T23:08:00,64933.88
2026-07-14T23:09:00,64920.01
2026-07-14T23:10:00,65008.65
2026-07-14T23:11:00,65014.4
2026-07-14T23:12:00,65030.0
2026-07-14T23:13:00,65016.48
2026-07-14T23:14:00,65020.0
2026-07-14T23:15:00,64970.01
2026-07-14T23:16:00,64959.98
2026-07-14T23:17:00,64930.0
2026-07-14T23:18:00,64952.7
2026-07-14T23:19:00,64942.91
2026-07-14T23:20:00,64930.98
2026-07-14T23:21:00,64910.0
2026-07-14T23:22:00,64907.7
2026-07-14T23:23:00,64907.68
2026-07-14T23:24:00,64897.84
2026-07-14T23:25:00,64921.15
2026-07-14T23:26:00,64890.01
2026-07-14T23:27:00,64897.83
2026-07-14T23:28:00,64906.0
2026-07-14T23:29:00,64917.69
2026-07-14T23:30:00,64920.0
2026-07-14T23:31:00,64920.0
2026-07-14T23:32:00,64914.01
2026-07-14T23:33:00,64912.0
2026-07-14T23:34:00,64905.1
2026-07-14T23:35:00,64951.6
2026-07-14T23:36:00,64990.0
2026-07-14T23:37:00,64988.76
2026-07-14T23:38:00,64973.99
2026-07-14T23:39:00,64988.74
2026-07-14T23:40:00,64999.99
2026-07-14T23:41:00,64992.3
2026-07-14T23:42:00,65003.44
2026-07-14T23:43:00,65003.99
2026-07-14T23:44:00,65003.99
2026-07-14T23:45:00,65025.82
2026-07-14T23:46:00,65000.0
2026-07-14T23:47:00,65023.99
2026-07-14T23:48:00,65021.99
2026-07-14T23:49:00,65036.47
2026-07-14T23:50:00,65022.0
2026-07-14T23:51:00,65008.65
2026-07-14T23:52:00,65010.01
2026-07-14T23:53:00,65018.01
2026-07-14T23:54:00,65021.1
2026-07-14T23:55:00,65022.0
2026-07-14T23:56:00,65002.28
2026-07-14T23:57:00,64990.24
2026-07-14T23:58:00,65014.0
2026-07-14T23:59:00,65043.98
2026-07-15T00:00:00,65036.3
2026-07-15T00:01:00,65052.27
2026-07-15T00:02:00,65042.0
2026-07-15T00:03:00,65018.01
2026-07-15T00:04:00,65001.14
2026-07-15T00:05:00,64972.12
2026-07-15T00:06:00,64993.46
2026-07-15T00:07:00,65020.99
2026-07-15T00:08:00,64990.45
2026-07-15T00:09:00,65016.0
2026-07-15T00:10:00,65014.0
2026-07-15T00:11:00,65000.0
2026-07-15T00:12:00,64966.11
2026-07-15T00:13:00,64933.05
2026-07-15T00:14:00,64922.0
2026-07-15T00:15:00,64935.99
2026-07-15T00:16:00,64905.03
2026-07-15T00:17:00,64894.01
2026-07-15T00:18:00,64877.95
2026-07-15T00:19:00,64875.01
2026-07-15T00:20:00,64905.03
2026-07-15T00:21:00,64867.8
2026-07-15T00:22:00,64851.71
2026-07-15T00:23:00,64877.26
2026-07-15T00:24:00,64869.06
2026-07-15T00:25:00,64848.01
2026-07-15T00:26:00,64838.23
2026-07-15T00:27:00,64854.26
2026-07-15T00:28:00,64864.43
2026-07-15T00:29:00,64890.01
2026-07-15T00:30:00,64855.01
2026-07-15T00:31:00,64828.69
2026-07-15T00:32:00,64831.31
2026-07-15T00:33:00,64823.89
2026-07-15T00:34:00,64824.0
2026-07-15T00:35:00,64803.99
2026-07-15T00:36:00,64790.0
2026-07-15T00:37:00,64805.99
2026-07-15T00:38:00,64808.82
2026-07-15T00:39:00,64824.0
2026-07-15T00:40:00,64827.45
2026-07-15T00:41:00,64786.0
2026-07-15T00:42:00,64776.02
2026-07-15T00:43:00,64765.94
2026-07-15T00:44:00,64781.78
2026-07-15T00:45:00,64821.99
2026-07-15T00:46:00,64842.25
2026-07-15T00:47:00,64830.01
2026-07-15T00:48:00,64810.93
2026-07-15T00:49:00,64801.54
2026-07-15T00:50:00,64816.0
2026-07-15T00:51:00,64812.03
2026-07-15T00:52:00,64818.0
2026-07-15T00:53:00,64816.54
2026-07-15T00:54:00,64830.0
2026-07-15T00:55:00,64830.01
2026-07-15T00:56:00,64837.99
2026-07-15T00:57:00,64840.32
2026-07-15T00:58:00,64845.87
2026-07-15T00:59:00,64824.58
2026-07-15T01:00:00,64782.83
2026-07-15T01:01:00,64774.8
2026-07-15T01:02:00,64755.0
2026-07-15T01:03:00,64742.27
2026-07-15T01:04:00,64779.8
2026-07-15T01:05:00,64768.0
2026-07-15T01:06:00,64784.72
2026-07-15T01:07:00,64759.38
2026-07-15T01:08:00,64755.01
2026-07-15T01:09:00,64740.01
2026-07-15T01:10:00,64722.0
2026-07-15T01:11:00,64739.99
2026-07-15T01:12:00,64741.1
2026-07-15T01:13:00,64747.41
2026-07-15T01:14:00,64746.01
2026-07-15T01:15:00,64772.21
2026-07-15T01:16:00,64724.01
2026-07-15T01:17:00,64710.55
2026-07-15T01:18:00,64706.01
2026-07-15T01:19:00,64726.0
2026-07-15T01:20:00,64710.01
2026-07-15T01:21:00,64720.0
2026-07-15T01:22:00,64750.0
2026-07-15T01:23:00,64796.0
2026-07-15T01:24:00,64783.23
2026-07-15T01:25:00,64798.0
2026-07-15T01:26:00,64835.53
2026-07-15T01:27:00,64849.99
2026-07-15T01:28:00,64853.08
2026-07-15T01:29:00,64830.61
2026-07-15T01:30:00,64816.95
2026-07-15T01:31:00,64799.99
2026-07-15T01:32:00,64785.24
2026-07-15T01:33:00,64772.01
2026-07-15T01:34:00,64762.27
2026-07-15T01:35:00,64760.61
2026-07-15T01:36:00,64752.0
2026-07-15T01:37:00,64751.23
2026-07-15T01:38:00,64722.69
2026-07-15T01:39:00,64704.35
2026-07-15T01:40:00,64694.59
2026-07-15T01:41:00,64688.0
2026-07-15T01:42:00,64675.07
2026-07-15T01:43:00,64680.63
2026-07-15T01:44:00,64719.4
2026-07-15T01:45:00,64692.51
2026-07-15T01:46:00,64681.19
2026-07-15T01:47:00,64668.01
2026-07-15T01:48:00,64653.14
2026-07-15T01:49:00,64662.78
2026-07-15T01:50:00,64661.91
2026-07-15T01:51:00,64648.13
2026-07-15T01:52:00,64655.99
2026-07-15T01:53:00,64654.0
2026-07-15T01:54:00,64663.99
2026-07-15T01:55:00,64659.64
2026-07-15T01:56:00,64663.57
2026-07-15T01:57:00,64659.65
2026-07-15T01:58:00,64659.65
2026-07-15T01:59:00,64674.35
2026-07-15T02:00:00,64661.49
2026-07-15T02:01:00,64652.0
2026-07-15T02:02:00,64673.99
2026-07-15T02:03:00,64685.57
2026-07-15T02:04:00,64672.0
2026-07-15T02:05:00,64693.99
2026-07-15T02:06:00,64654.0
2026-07-15T02:07:00,64662.0
2026-07-15T02:08:00,64694.0
2026-07-15T02:09:00,64708.67
2026-07-15T02:10:00,64752.0
2026-07-15T02:11:00,64726.0
2026-07-15T02:12:00,64740.0
2026-07-15T02:13:00,64710.0
2026-07-15T02:14:00,64710.0
2026-07-15T02:15:00,64689.71
2026-07-15T02:16:00,64662.25
2026-07-15T02:17:00,64655.95
2026-07-15T02:18:00,64620.0
2026-07-15T02:19:00,64600.18
2026-07-15T02:20:00,64603.75
2026-07-15T02:21:00,64600.0
2026-07-15T02:22:00,64608.0
2026-07-15T02:23:00,64566.94
2026-07-15T02:24:00,64570.83
2026-07-15T02:25:00,64570.82
2026-07-15T02:26:00,64558.0
2026-07-15T02:27:00,64549.32
2026-07-15T02:28:00,64548.01
2026-07-15T02:29:00,64517.58
2026-07-15T02:30:00,64539.99
2026-07-15T02:31:00,64505.59
2026-07-15T02:32:00,64489.6
2026-07-15T02:33:00,64494.0
2026-07-15T02:34:00,64497.99
2026-07-15T02:35:00,64499.99
2026-07-15T02:36:00,64552.0
2026-07-15T02:37:00,64552.0
2026-07-15T02:38:00,64528.01
2026-07-15T02:39:00,64536.94
2026-07-15T02:40:00,64549.32
2026-07-15T02:41:00,64555.76
2026-07-15T02:42:00,64550.02
2026-07-15T02:43:00,64546.24
2026-07-15T02:44:00,64562.0
2026-07-15T02:45:00,64563.59
2026-07-15T02:46:00,64554.19
2026-07-15T02:47:00,64552.12
2026-07-15T02:48:00,64550.01
2026-07-15T02:49:00,64524.99
2026-07-15T02:50:00,64510.01
2026-07-15T02:51:00,64510.0
2026-07-15T02:52:00,64510.01
2026-07-15T02:53:00,64510.01
2026-07-15T02:54:00,64500.01
2026-07-15T02:55:00,64510.01
2026-07-15T02:56:00,64510.0
2026-07-15T02:57:00,64501.46
2026-07-15T02:58:00,64504.59
2026-07-15T02:59:00,64490.87
2026-07-15T03:00:00,64530.0
2026-07-15T03:01:00,64542.42
2026-07-15T03:02:00,64525.17
2026-07-15T03:03:00,64532.01
2026-07-15T03:04:00,64548.65
2026-07-15T03:05:00,64562.0
2026-07-15T03:06:00,64566.0
2026-07-15T03:07:00,64565.99
2026-07-15T03:08:00,64620.02
2026-07-15T03:09:00,64628.77
2026-07-15T03:10:00,64638.0
2026-07-15T03:11:00,64642.0
2026-07-15T03:12:00,64642.01
2026-07-15T03:13:00,64656.45
2026-07-15T03:14:00,64630.4
2026-07-15T03:15:00,64630.39
2026-07-15T03:16:00,64614.24
2026-07-15T03:17:00,64616.83
2026-07-15T03:18:00,64612.84
2026-07-15T03:19:00,64612.84
2026-07-15T03:20:00,64616.82
2026-07-15T03:21:00,64616.82
2026-07-15T03:22:00,64612.81
2026-07-15T03:23:00,64594.42
2026-07-15T03:24:00,64604.75
2026-07-15T03:25:00,64604.75
2026-07-15T03:26:00,64582.85
2026-07-15T03:27:00,64587.99
2026-07-15T03:28:00,64580.44
2026-07-15T03:29:00,64615.18
2026-07-15T03:30:00,64666.35
2026-07-15T03:31:00,64698.01
2026-07-15T03:32:00,64681.36
2026-07-15T03:33:00,64749.99
2026-07-15T03:34:00,64746.01
2026-07-15T03:35:00,64723.99
2026-07-15T03:36:00,64717.21
2026-07-15T03:37:00,64683.94
2026-07-15T03:38:00,64676.0
2026-07-15T03:39:00,64667.99
2026-07-15T03:40:00,64672.0
2026-07-15T03:41:00,64710.44
2026-07-15T03:42:00,64701.03
2026-07-15T03:43:00,64719.99
2026-07-15T03:44:00,64701.08
2026-07-15T03:45:00,64681.51
2026-07-15T03:46:00,64680.0
2026-07-15T03:47:00,64718.46
2026-07-15T03:48:00,64746.34
2026-07-15T03:49:00,64745.99
2026-07-15T03:50:00,64757.99
2026-07-15T03:51:00,64813.58
2026-07-15T03:52:00,64828.01
2026-07-15T03:53:00,64770.31
2026-07-15T03:54:00,64798.0
2026-07-15T03:55:00,64804.0
2026-07-15T03:56:00,64814.54
2026-07-15T03:57:00,64814.53
2026-07-15T03:58:00,64806.08
2026-07-15T03:59:00,64792.01
2026-07-15T04:00:00,64788.01
2026-07-15T04:01:00,64799.14
2026-07-15T04:02:00,64780.0
2026-07-15T04:03:00,64770.01
2026-07-15T04:04:00,64765.71
2026-07-15T04:05:00,64804.0
2026-07-15T04:06:00,64812.0
2026-07-15T04:07:00,64782.0
2026-07-15T04:08:00,64782.01
2026-07-15T04:09:00,64783.23
2026-07-15T04:10:00,64788.0
2026-07-15T04:11:00,64852.9
2026-07-15T04:12:00,64841.89
2026-07-15T04:13:00,64864.01
2026-07-15T04:14:00,64826.01
2026-07-15T04:15:00,64814.24
2026-07-15T04:16:00,64842.54
2026-07-15T04:17:00,64840.01
2026-07-15T04:18:00,64810.98
2026-07-15T04:19:00,64787.5
2026-07-15T04:20:00,64819.99
2026-07-15T04:21:00,64810.01
2026-07-15T04:22:00,64792.0
2026-07-15T04:23:00,64799.99
2026-07-15T04:24:00,64790.01
2026-07-15T04:25:00,64786.01
2026-07-15T04:26:00,64803.99
2026-07-15T04:27:00,64794.01
2026-07-15T04:28:00,64786.02
2026-07-15T04:29:00,64762.0
2026-07-15T04:30:00,64721.47
2026-07-15T04:31:00,64734.05
2026-07-15T04:32:00,64780.0
2026-07-15T04:33:00,64802.0
2026-07-15T04:34:00,64795.36
2026-07-15T04:35:00,64783.23
2026-07-15T04:36:00,64815.74
2026-07-15T04:37:00,64803.99
2026-07-15T04:38:00,64810.56
2026-07-15T04:39:00,64804.88
2026-07-15T04:40:00,64798.0
2026-07-15T04:41:00,64804.87
2026-07-15T04:42:00,64812.84
2026-07-15T04:43:00,64805.56
2026-07-15T04:44:00,64805.57
2026-07-15T04:45:00,64814.9
2026-07-15T04:46:00,64829.31
2026-07-15T04:47:00,64858.73
2026-07-15T04:48:00,64853.16
2026-07-15T04:49:00,64818.92
2026-07-15T04:50:00,64802.01
2026-07-15T04:51:00,64796.16
2026-07-15T04:52:00,64843.99
2026-07-15T04:53:00,64827.43
2026-07-15T04:54:00,64814.0
2026-07-15T04:55:00,64787.95
2026-07-15T04:56:00,64776.01
2026-07-15T04:57:00,64730.93
2026-07-15T04:58:00,64747.02
2026-07-15T04:59:00,64746.01
2026-07-15T05:00:00,64815.99
2026-07-15T05:01:00,64774.0
2026-07-15T05:02:00,64764.99
2026-07-15T05:03:00,64754.07
2026-07-15T05:04:00,64733.28
2026-07-15T05:05:00,64678.08
2026-07-15T05:06:00,64664.71
2026-07-15T05:07:00,64677.0
2026-07-15T05:08:00,64674.01
2026-07-15T05:09:00,64679.99
2026-07-15T05:10:00,64656.69
2026-07-15T05:11:00,64617.57
2026-07-15T05:12:00,64621.99
2026-07-15T05:13:00,64608.01
2026-07-15T05:14:00,64621.99
2026-07-15T05:15:00,64629.98
2026-07-15T05:16:00,64638.01
2026-07-15T05:17:00,64661.99
2026-07-15T05:18:00,64665.11
2026-07-15T05:19:00,64669.99
2026-07-15T05:20:00,64667.55
2026-07-15T05:21:00,64671.46
2026-07-15T05:22:00,64688.47
2026-07-15T05:23:00,64695.99
2026-07-15T05:24:00,64661.99
2026-07-15T05:25:00,64654.43
2026-07-15T05:26:00,64670.98
2026-07-15T05:27:00,64677.51
2026-07-15T05:28:00,64677.52
2026-07-15T05:29:00,64649.99
2026-07-15T05:30:00,64670.01
2026-07-15T05:31:00,64670.0
2026-07-15T05:32:00,64712.81
2026-07-15T05:33:00,64708.9
2026-07-15T05:34:00,64728.0
2026-07-15T05:35:00,64708.01
2026-07-15T05:36:00,64719.58
2026-07-15T05:37:00,64733.19
2026-07-15T05:38:00,64745.99
2026-07-15T05:39:00,64710.01
2026-07-15T05:40:00,64725.99
2026-07-15T05:41:00,64726.1
2026-07-15T05:42:00,64716.27
2026-07-15T05:43:00,64710.08
2026-07-15T05:44:00,64704.58
2026-07-15T05:45:00,64695.89
2026-07-15T05:46:00,64723.88
2026-07-15T05:47:00,64750.0
2026-07-15T05:48:00,64757.11
2026-07-15T05:49:00,64769.99
2026-07-15T05:50:00,64775.14
2026-07-15T05:51:00,64772.0
2026-07-15T05:52:00,64806.0
2026-07-15T05:53:00,64786.03
2026-07-15T05:54:00,64777.99
2026-07-15T05:55:00,64789.0
2026-07-15T05:56:00,64830.36
2026-07-15T05:57:00,64829.56
2026-07-15T05:58:00,64955.78
2026-07-15T05:59:00,64944.06
2026-07-15T06:00:00,64890.01
2026-07-15T06:01:00,64886.0
2026-07-15T06:02:00,64898.01
2026-07-15T06:03:00,64881.72
2026-07-15T06:04:00,64893.93
2026-07-15T06:05:00,64954.0
2026-07-15T06:06:00,64952.01
2026-07-15T06:07:00,64978.0
2026-07-15T06:08:00,64954.04
2026-07-15T06:09:00,64973.99
2026-07-15T06:10:00,64970.99
2026-07-15T06:11:00,64959.1
2026-07-15T06:12:00,64985.0
2026-07-15T06:13:00,65017.96
2026-07-15T06:14:00,65044.01
2026-07-15T06:15:00,64995.99
2026-07-15T06:16:00,65031.99
2026-07-15T06:17:00,64948.0
2026-07-15T06:18:00,64974.0
2026-07-15T06:19:00,65003.96
2026-07-15T06:20:00,65015.03
2026-07-15T06:21:00,64998.01
2026-07-15T06:22:00,65035.99
2026-07-15T06:23:00,65014.17
2026-07-15T06:24:00,65019.99
2026-07-15T06:25:00,64988.19
2026-07-15T06:26:00,64992.0
2026-07-15T06:27:00,64985.31
2026-07-15T06:28:00,64969.77
2026-07-15T06:29:00,64985.13
2026-07-15T06:30:00,64981.29
2026-07-15T06:31:00,65007.72
2026-07-15T06:32:00,65066.01
2026-07-15T06:33:00,65181.99
2026-07-15T06:34:00,65245.68
2026-07-15T06:35:00,65224.48
2026-07-15T06:36:00,65142.0
2026-07-15T06:37:00,65003.53
2026-07-15T06:38:00,65012.0
2026-07-15T06:39:00,65044.0
2026-07-15T06:40:00,65056.01
2026-07-15T06:41:00,65070.61
2026-07-15T06:42:00,65058.61
2026-07-15T06:43:00,65039.52
2026-07-15T06:44:00,65038.0
2026-07-15T06:45:00,65071.76
2026-07-15T06:46:00,65046.0
2026-07-15T06:47:00,65000.01
2026-07-15T06:48:00,64964.41
2026-07-15T06:49:00,64964.4
2026-07-15T06:50:00,64974.19
2026-07-15T06:51:00,64954.0
2026-07-15T06:52:00,64921.26
2026-07-15T06:53:00,64921.68
2026-07-15T06:54:00,64914.01
2026-07-15T06:55:00,64925.09
2026-07-15T06:56:00,64899.57
2026-07-15T06:57:00,64834.01
2026-07-15T06:58:00,64835.7
2026-07-15T06:59:00,64814.0
2026-07-15T07:00:00,64783.24
2026-07-15T07:01:00,64779.0
2026-07-15T07:02:00,64770.02
2026-07-15T07:03:00,64750.0
2026-07-15T07:04:00,64800.01
2026-07-15T07:05:00,64786.0
2026-07-15T07:06:00,64752.07
2026-07-15T07:07:00,64777.85
2026-07-15T07:08:00,64762.05
2026-07-15T07:09:00,64810.0
2026-07-15T07:10:00,64828.0
2026-07-15T07:11:00,64829.99
2026-07-15T07:12:00,64860.0
2026-07-15T07:13:00,64872.0
2026-07-15T07:14:00,64868.02
2026-07-15T07:15:00,64875.41
2026-07-15T07:16:00,64833.12
2026-07-15T07:17:00,64815.55
2026-07-15T07:18:00,64820.7
2026-07-15T07:19:00,64808.0
2026-07-15T07:20:00,64791.95
2026-07-15T07:21:00,64703.99
2026-07-15T07:22:00,64658.0
2026-07-15T07:23:00,64656.0
2026-07-15T07:24:00,64643.3
2026-07-15T07:25:00,64624.84
2026-07-15T07:26:00,64608.01
2026-07-15T07:27:00,64539.69
2026-07-15T07:28:00,64485.0
2026-07-15T07:29:00,64529.73
2026-07-15T07:30:00,64565.99
2026-07-15T07:31:00,64546.67
2026-07-15T07:32:00,64542.08
2026-07-15T07:33:00,64583.08
2026-07-15T07:34:00,64553.99
2026-07-15T07:35:00,64600.93
2026-07-15T07:36:00,64607.76
2026-07-15T07:37:00,64581.43
2026-07-15T07:38:00,64573.22
2026-07-15T07:39:00,64600.02
2026-07-15T07:40:00,64595.7
2026-07-15T07:41:00,64624.28
2026-07-15T07:42:00,64622.58
2026-07-15T07:43:00,64606.53
2026-07-15T07:44:00,64610.01
2026-07-15T07:45:00,64592.63
2026-07-15T07:46:00,64577.7
2026-07-15T07:47:00,64576.04
2026-07-15T07:48:00,64607.99
2026-07-15T07:49:00,64602.0
2026-07-15T07:50:00,64589.49
2026-07-15T07:51:00,64577.71
2026-07-15T07:52:00,64577.7
2026-07-15T07:53:00,64582.05
2026-07-15T07:54:00,64591.79
2026-07-15T07:55:00,64591.8
2026-07-15T07:56:00,64578.56
2026-07-15T07:57:00,64551.67
2026-07-15T07:58:00,64553.02
2026-07-15T07:59:00,64549.34
2026-07-15T08:00:00,64599.26
2026-07-15T08:01:00,64630.01
2026-07-15T08:02:00,64596.52
2026-07-15T08:03:00,64662.24
2026-07-15T08:04:00,64680.46
2026-07-15T08:05:00,64650.01
2026-07-15T08:06:00,64627.66
2026-07-15T08:07:00,64582.01
2026-07-15T08:08:00,64596.0
2026-07-15T08:09:00,64574.0
2026-07-15T08:10:00,64588.0
2026-07-15T08:11:00,64582.01
2026-07-15T08:12:00,64588.01
2026-07-15T08:13:00,64577.7
2026-07-15T08:14:00,64587.99
2026-07-15T08:15:00,64594.19
2026-07-15T08:16:00,64631.66
2026-07-15T08:17:00,64629.23
2026-07-15T08:18:00,64639.18
2026-07-15T08:19:00,64616.76
2026-07-15T08:20:00,64594.41
2026-07-15T08:21:00,64593.16
2026-07-15T08:22:00,64605.42
2026-07-15T08:23:00,64586.0
2026-07-15T08:24:00,64602.0
2026-07-15T08:25:00,64607.99
2026-07-15T08:26:00,64614.0
2026-07-15T08:27:00,64611.16
2026-07-15T08:28:00,64643.99
2026-07-15T08:29:00,64647.14
2026-07-15T08:30:00,64636.01
2026-07-15T08:31:00,64636.0
2026-07-15T08:32:00,64639.99
2026-07-15T08:33:00,64669.99
2026-07-15T08:34:00,64674.0
2026-07-15T08:35:00,64646.31
2026-07-15T08:36:00,64677.72
2026-07-15T08:37:00,64687.73
2026-07-15T08:38:00,64690.59
2026-07-15T08:39:00,64732.64
2026-07-15T08:40:00,64729.5
2026-07-15T08:41:00,64715.01
2026-07-15T08:42:00,64690.63
2026-07-15T08:43:00,64717.99
2026-07-15T08:44:00,64738.07
2026-07-15T08:45:00,64744.01
2026-07-15T08:46:00,64746.0
2026-07-15T08:47:00,64734.01
2026-07-15T08:48:00,64748.0
2026-07-15T08:49:00,64735.99
2026-07-15T08:50:00,64742.0
2026-07-15T08:51:00,64745.3
2026-07-15T08:52:00,64761.51
2026-07-15T08:53:00,64767.64
2026-07-15T08:54:00,64745.65
2026-07-15T08:55:00,64745.98
2026-07-15T08:56:00,64758.14
2026-07-15T08:57:00,64785.65
2026-07-15T08:58:00,64776.0
2026-07-15T08:59:00,64768.01
2026-07-15T09:00:00,64769.26
2026-07-15T09:01:00,64765.01
2026-07-15T09:02:00,64772.15
2026-07-15T09:03:00,64782.33
2026-07-15T09:04:00,64789.98
2026-07-15T09:05:00,64799.97
2026-07-15T09:06:00,64793.52
2026-07-15T09:07:00,64783.11
2026-07-15T09:08:00,64786.27
2026-07-15T09:09:00,64799.99
2026-07-15T09:10:00,64840.01
2026-07-15T09:11:00,64838.0
2026-07-15T09:12:00,64839.99
2026-07-15T09:13:00,64839.99
2026-07-15T09:14:00,64839.99
2026-07-15T09:15:00,64836.01
2026-07-15T09:16:00,64836.01
2026-07-15T09:17:00,64856.0
2026-07-15T09:18:00,64905.09
2026-07-15T09:19:00,64880.8
2026-07-15T09:20:00,64915.01
2026-07-15T09:21:00,64917.93
2026-07-15T09:22:00,64892.51
2026-07-15T09:23:00,64856.41
2026-07-15T09:24:00,64890.01
2026-07-15T09:25:00,64878.0
2026-07-15T09:26:00,64860.0
2026-07-15T09:27:00,64846.14
2026-07-15T09:28:00,64844.01
2026-07-15T09:29:00,64833.11
2026-07-15T09:30:00,64813.54
2026-07-15T09:31:00,64796.01
2026-07-15T09:32:00,64800.0
2026-07-15T09:33:00,64799.99
2026-07-15T09:34:00,64800.0
2026-07-15T09:35:00,64796.0
2026-07-15T09:36:00,64768.01
2026-07-15T09:37:00,64775.25
2026-07-15T09:38:00,64786.33
2026-07-15T09:39:00,64786.0
2026-07-15T09:40:00,64753.25
2026-07-15T09:41:00,64715.45
2026-07-15T09:42:00,64711.43
2026-07-15T09:43:00,64706.53
2026-07-15T09:44:00,64716.19
2026-07-15T09:45:00,64730.18
2026-07-15T09:46:00,64698.79
2026-07-15T09:47:00,64729.99
2026-07-15T09:48:00,64730.0
2026-07-15T09:49:00,64731.99
2026-07-15T09:50:00,64727.62
2026-07-15T09:51:00,64692.3
2026-07-15T09:52:00,64690.0
2026-07-15T09:53:00,64680.47
2026-07-15T09:54:00,64680.46
2026-07-15T09:55:00,64676.44
2026-07-15T09:56:00,64665.27
2026-07-15T09:57:00,64660.38
2026-07-15T09:58:00,64653.18
2026-07-15T09:59:00,64671.83
2026-07-15T10:00:00,64708.0
2026-07-15T10:01:00,64708.0
2026-07-15T10:02:00,64728.0
2026-07-15T10:03:00,64727.71
2026-07-15T10:04:00,64776.03
2026-07-15T10:05:00,64827.22
2026-07-15T10:06:00,64828.01
2026-07-15T10:07:00,64812.0
2026-07-15T10:08:00,64816.32
2026-07-15T10:09:00,64834.96
2026-07-15T10:10:00,64822.05
2026-07-15T10:11:00,64836.0
2026-07-15T10:12:00,64826.0
2026-07-15T10:13:00,64816.78
2026-07-15T10:14:00,64796.0
2026-07-15T10:15:00,64792.03
2026-07-15T10:16:00,64795.99
2026-07-15T10:17:00,64792.02
2026-07-15T10:18:00,64786.0
2026-07-15T10:19:00,64762.0
2026-07-15T10:20:00,64779.11
2026-07-15T10:21:00,64762.0
2026-07-15T10:22:00,64748.22
2026-07-15T10:23:00,64665.99
2026-07-15T10:24:00,64680.77
2026-07-15T10:25:00,64680.46
2026-07-15T10:26:00,64654.0
2026-07-15T10:27:00,64662.0
2026-07-15T10:28:00,64627.95
2026-07-15T10:29:00,64636.18
2026-07-15T10:30:00,64655.15
2026-07-15T10:31:00,64638.0
2026-07-15T10:32:00,64637.99
2026-07-15T10:33:00,64634.01
2026-07-15T10:34:00,64638.01
2026-07-15T10:35:00,64632.0
2026-07-15T10:36:00,64661.1
2026-07-15T10:37:00,64660.93
2026-07-15T10:38:00,64681.99
2026-07-15T10:39:00,64688.73
2026-07-15T10:40:00,64680.46
2026-07-15T10:41:00,64663.1
2026-07-15T10:42:00,64663.09
2026-07-15T10:43:00,64683.92
2026-07-15T10:44:00,64666.01
2026-07-15T10:45:00,64669.99
2026-07-15T10:46:00,64651.36
2026-07-15T10:47:00,64666.01
2026-07-15T10:48:00,64672.0
2026-07-15T10:49:00,64678.57
2026-07-15T10:50:00,64654.01
2026-07-15T10:51:00,64654.0
2026-07-15T10:52:00,64663.31
2026-07-15T10:53:00,64663.75
2026-07-15T10:54:00,64659.04
2026-07-15T10:55:00,64659.04
2026-07-15T10:56:00,64663.0
2026-07-15T10:57:00,64646.0
2026-07-15T10:58:00,64651.99
2026-07-15T10:59:00,64663.0
2026-07-15T11:00:00,64669.5
2026-07-15T11:01:00,64676.0
2026-07-15T11:02:00,64696.9
2026-07-15T11:03:00,64698.03
2026-07-15T11:04:00,64692.0
2026-07-15T11:05:00,64706.59
2026-07-15T11:06:00,64724.69
2026-07-15T11:07:00,64718.0
2026-07-15T11:08:00,64730.0
2026-07-15T11:09:00,64750.56
2026-07-15T11:10:00,64730.01
2026-07-15T11:11:00,64717.42
2026-07-15T11:12:00,64738.44
2026-07-15T11:13:00,64734.08
2026-07-15T11:14:00,64729.86
2026-07-15T11:15:00,64738.44
2026-07-15T11:16:00,64727.14
2026-07-15T11:17:00,64704.58
2026-07-15T11:18:00,64707.04
2026-07-15T11:19:00,64680.64
2026-07-15T11:20:00,64673.52
2026-07-15T11:21:00,64693.06
2026-07-15T11:22:00,64679.25
2026-07-15T11:23:00,64670.91
2026-07-15T11:24:00,64628.0
2026-07-15T11:25:00,64640.64
2026-07-15T11:26:00,64642.01
2026-07-15T11:27:00,64635.99
2026-07-15T11:28:00,64644.47
2026-07-15T11:29:00,64641.18
2026-07-15T11:30:00,64655.99
2026-07-15T11:31:00,64658.0
2026-07-15T11:32:00,64650.01
2026-07-15T11:33:00,64681.54
2026-07-15T11:34:00,64687.19
2026-07-15T11:35:00,64674.01
2026-07-15T11:36:00,64712.0
2026-07-15T11:37:00,64698.01
2026-07-15T11:38:00,64697.98
2026-07-15T11:39:00,64715.41
2026-07-15T11:40:00,64680.47
2026-07-15T11:41:00,64684.0
2026-07-15T11:42:00,64695.46
2026-07-15T11:43:00,64697.13
2026-07-15T11:44:00,64697.12
2026-07-15T11:45:00,64710.0
2026-07-15T11:46:00,64712.13
2026-07-15T11:47:00,64709.36
2026-07-15T11:48:00,64703.53
2026-07-15T11:49:00,64704.18
2026-07-15T11:50:00,64719.84
2026-07-15T11:51:00,64727.33
2026-07-15T11:52:00,64732.64
2026-07-15T11:53:00,64717.99
2026-07-15T11:54:00,64733.19
2026-07-15T11:55:00,64728.01
2026-07-15T11:56:00,64743.99
2026-07-15T11:57:00,64743.99
2026-07-15T11:58:00,64752.55
2026-07-15T11:59:00,64732.15
2026-07-15T12:00:00,64735.07
2026-07-15T12:01:00,64721.53
2026-07-15T12:02:00,64732.04
2026-07-15T12:03:00,64736.0
2026-07-15T12:04:00,64738.05
2026-07-15T12:05:00,64675.42
2026-07-15T12:06:00,64634.63
2026-07-15T12:07:00,64690.98
2026-07-15T12:08:00,64683.22
2026-07-15T12:09:00,64703.99
2026-07-15T12:10:00,64652.01
2026-07-15T12:11:00,64651.7
2026-07-15T12:12:00,64731.85
2026-07-15T12:13:00,64692.01
2026-07-15T12:14:00,64732.57
2026-07-15T12:15:00,64744.76
2026-07-15T12:16:00,64742.05
2026-07-15T12:17:00,64736.43
2026-07-15T12:18:00,64722.4
2026-07-15T12:19:00,64722.41
2026-07-15T12:20:00,64693.98
2026-07-15T12:21:00,64663.17
2026-07-15T12:22:00,64641.99
2026-07-15T12:23:00,64652.48
2026-07-15T12:24:00,64635.24
2026-07-15T12:25:00,64647.99
2026-07-15T12:26:00,64657.07
2026-07-15T12:27:00,64656.01
2026-07-15T12:28:00,64674.0
2026-07-15T12:29:00,64688.52
2026-07-15T12:30:00,64904.0
2026-07-15T12:31:00,64864.0
2026-07-15T12:32:00,64810.02
2026-07-15T12:33:00,64769.2
2026-07-15T12:34:00,64783.6
2026-07-15T12:35:00,64754.54
2026-07-15T12:36:00,64772.02
2026-07-15T12:37:00,64838.15
2026-07-15T12:38:00,64811.51
2026-07-15T12:39:00,64846.81
2026-07-15T12:40:00,64806.89
2026-07-15T12:41:00,64796.0
2026-07-15T12:42:00,64885.99
2026-07-15T12:43:00,64841.04
2026-07-15T12:44:00,64787.99
2026-07-15T12:45:00,64799.99
2026-07-15T12:46:00,64814.0
2026-07-15T12:47:00,64866.0
2026-07-15T12:48:00,64950.01
2026-07-15T12:49:00,64993.54
2026-07-15T12:50:00,65016.99
2026-07-15T12:51:00,65087.36
2026-07-15T12:52:00,65079.47
2026-07-15T12:53:00,65207.87
2026-07-15T12:54:00,65197.66
2026-07-15T12:55:00,65106.01
2026-07-15T12:56:00,65122.01
2026-07-15T12:57:00,65146.13
2026-07-15T12:58:00,65169.33
2026-07-15T12:59:00,65164.0
2026-07-15T13:00:00,65156.0
2026-07-15T13:01:00,65192.5
2026-07-15T13:02:00,65358.0
2026-07-15T13:03:00,65368.12
2026-07-15T13:04:00,65319.33
2026-07-15T13:05:00,65303.98
2026-07-15T13:06:00,65349.47
2026-07-15T13:07:00,65418.0
2026-07-15T13:08:00,65350.0
2026-07-15T13:09:00,65307.49
2026-07-15T13:10:00,65349.99
2026-07-15T13:11:00,65328.0
2026-07-15T13:12:00,65300.07
2026-07-15T13:13:00,65334.0
2026-07-15T13:14:00,65380.31
2026-07-15T13:15:00,65401.57
2026-07-15T13:16:00,65467.67
2026-07-15T13:17:00,65512.0
2026-07-15T13:18:00,65473.99
2026-07-15T13:19:00,65531.99
2026-07-15T13:20:00,65532.0
2026-07-15T13:21:00,65553.99
2026-07-15T13:22:00,65522.59
2026-07-15T13:23:00,65453.99
2026-07-15T13:24:00,65502.57
2026-07-15T13:25:00,65317.06
2026-07-15T13:26:00,65316.01
2026-07-15T13:27:00,65330.0
2026-07-15T13:28:00,65323.99
2026-07-15T13:29:00,65312.72
2026-07-15T13:30:00,65354.0
2026-07-15T13:31:00,65355.24
2026-07-15T13:32:00,65443.99
2026-07-15T13:33:00,65450.0
2026-07-15T13:34:00,65450.47
2026-07-15T13:35:00,65476.87
2026-07-15T13:36:00,65516.61
2026-07-15T13:37:00,65432.01
2026-07-15T13:38:00,65400.35
2026-07-15T13:39:00,65448.0
2026-07-15T13:40:00,65380.01
2026-07-15T13:41:00,65313.75
2026-07-15T13:42:00,65276.02
2026-07-15T13:43:00,65367.99
2026-07-15T13:44:00,65280.0
2026-07-15T13:45:00,65144.16
2026-07-15T13:46:00,65174.0
2026-07-15T13:47:00,65030.01
2026-07-15T13:48:00,64980.0
2026-07-15T13:49:00,64970.0
2026-07-15T13:50:00,64930.0
2026-07-15T13:51:00,64912.04
2026-07-15T13:52:00,64996.4
2026-07-15T13:53:00,64960.8
2026-07-15T13:54:00,65030.0
2026-07-15T13:55:00,64994.02
2026-07-15T13:56:00,65002.66
2026-07-15T13:57:00,65057.18
2026-07-15T13:58:00,65117.64
2026-07-15T13:59:00,65117.99
2026-07-15T14:00:00,65148.94
2026-07-15T14:01:00,65090.01
2026-07-15T14:02:00,65171.99
2026-07-15T14:03:00,65236.14
2026-07-15T14:04:00,65215.99
2026-07-15T14:05:00,65264.01
2026-07-15T14:06:00,65339.99
2026-07-15T14:07:00,65316.71
2026-07-15T14:08:00,65314.01
2026-07-15T14:09:00,65254.0
2026-07-15T14:10:00,65320.01
2026-07-15T14:11:00,65331.99
2026-07-15T14:12:00,65379.99
2026-07-15T14:13:00,65328.94
2026-07-15T14:14:00,65292.48
2026-07-15T14:15:00,65306.01
2026-07-15T14:16:00,65326.01
2026-07-15T14:17:00,65290.52
2026-07-15T14:18:00,65325.16
2026-07-15T14:19:00,65362.0
2026-07-15T14:20:00,65221.02
2026-07-15T14:21:00,65408.46
2026-07-15T14:22:00,65336.01
2026-07-15T14:23:00,65270.85
2026-07-15T14:24:00,65260.0
2026-07-15T14:25:00,65111.26
2026-07-15T14:26:00,65207.9
2026-07-15T14:27:00,65300.0
2026-07-15T14:28:00,65337.95
2026-07-15T14:29:00,65326.0
2026-07-15T14:30:00,65327.99
2026-07-15T14:31:00,65314.0
2026-07-15T14:32:00,65372.02
2026-07-15T14:33:00,65444.0
2026-07-15T14:34:00,65474.0
2026-07-15T14:35:00,65491.99
2026-07-15T14:36:00,65424.01
2026-07-15T14:37:00,65391.99
2026-07-15T14:38:00,65428.09
2026-07-15T14:39:00,65344.32
2026-07-15T14:40:00,65426.01
2026-07-15T14:41:00,65430.0
2026-07-15T14:42:00,65373.99
2026-07-15T14:43:00,65404.01
2026-07-15T14:44:00,65370.0
2026-07-15T14:45:00,65344.36
2026-07-15T14:46:00,65345.23
2026-07-15T14:47:00,65345.64
2026-07-15T14:48:00,65427.99
2026-07-15T14:49:00,65458.0
2026-07-15T14:50:00,65451.45
2026-07-15T14:51:00,65418.0
2026-07-15T14:52:00,65450.01
2026-07-15T14:53:00,65446.01
2026-07-15T14:54:00,65420.01
2026-07-15T14:55:00,65409.74
2026-07-15T14:56:00,65392.0
2026-07-15T14:57:00,65393.27
2026-07-15T14:58:00,65400.0
2026-07-15T14:59:00,65399.81
2026-07-15T15:00:00,65350.0
2026-07-15T15:01:00,65290.0
2026-07-15T15:02:00,65317.95
2026-07-15T15:03:00,65292.3
2026-07-15T15:04:00,65305.11
2026-07-15T15:05:00,65382.26
2026-07-15T15:06:00,65361.11
2026-07-15T15:07:00,65466.0
2026-07-15T15:08:00,65472.03
2026-07-15T15:09:00,65429.99
2026-07-15T15:10:00,65434.0
2026-07-15T15:11:00,65438.34
2026-07-15T15:12:00,65393.28
2026-07-15T15:13:00,65415.17
2026-07-15T15:14:00,65399.51
2026-07-15T15:15:00,65311.99
2026-07-15T15:16:00,65328.0
2026-07-15T15:17:00,65365.06
2026-07-15T15:18:00,65402.01
2026-07-15T15:19:00,65415.99
2026-07-15T15:20:00,65363.2
2026-07-15T15:21:00,65371.99
2026-07-15T15:22:00,65320.01
2026-07-15T15:23:00,65323.51
2026-07-15T15:24:00,65329.54
2026-07-15T15:25:00,65319.32
2026-07-15T15:26:00,65366.0
2026-07-15T15:27:00,65367.26
2026-07-15T15:28:00,65411.86
2026-07-15T15:29:00,65405.71
2026-07-15T15:30:00,65360.0
2026-07-15T15:31:00,65349.99
2026-07-15T15:32:00,65435.34
2026-07-15T15:33:00,65474.01
2026-07-15T15:34:00,65458.0
2026-07-15T15:35:00,65464.59
2026-07-15T15:36:00,65476.0
2026-07-15T15:37:00,65507.83
2026-07-15T15:38:00,65503.99
2026-07-15T15:39:00,65526.45
2026-07-15T15:40:00,65511.25
2026-07-15T15:41:00,65490.0
2026-07-15T15:42:00,65489.09
2026-07-15T15:43:00,65483.0
2026-07-15T15:44:00,65488.0
2026-07-15T15:45:00,65451.73
2026-07-15T15:46:00,65454.01
2026-07-15T15:47:00,65465.72
2026-07-15T15:48:00,65468.0
2026-07-15T15:49:00,65502.56
2026-07-15T15:50:00,65486.37
2026-07-15T15:51:00,65536.33
2026-07-15T15:52:00,65518.0
2026-07-15T15:53:00,65402.01
2026-07-15T15:54:00,65414.3
2026-07-15T15:55:00,65419.77
2026-07-15T15:56:00,65379.67
2026-07-15T15:57:00,65420.0
2026-07-15T15:58:00,65426.0
2026-07-15T15:59:00,65427.61
2026-07-15T16:00:00,65400.0
2026-07-15T16:01:00,65326.6
2026-07-15T16:02:00,65323.99
2026-07-15T16:03:00,65250.0
2026-07-15T16:04:00,65303.12
2026-07-15T16:05:00,65264.66
2026-07-15T16:06:00,65187.99
2026-07-15T16:07:00,65182.48
2026-07-15T16:08:00,65191.99
2026-07-15T16:09:00,65184.0
2026-07-15T16:10:00,65189.15
2026-07-15T16:11:00,65175.55
2026-07-15T16:12:00,65166.01
2026-07-15T16:13:00,65123.81
2026-07-15T16:14:00,65089.22
2026-07-15T16:15:00,65167.88
2026-07-15T16:16:00,65164.68
2026-07-15T16:17:00,65170.0
2026-07-15T16:18:00,65181.99
2026-07-15T16:19:00,65156.53
2026-07-15T16:20:00,65091.51
2026-07-15T16:21:00,65097.43
2026-07-15T16:22:00,65145.53
2026-07-15T16:23:00,65170.0
2026-07-15T16:24:00,65128.0
2026-07-15T16:25:00,65131.08
2026-07-15T16:26:00,65133.37
2026-07-15T16:27:00,65128.19
2026-07-15T16:28:00,65155.67
2026-07-15T16:29:00,65166.22
2026-07-15T16:30:00,65166.01
2026-07-15T16:31:00,65113.99
2026-07-15T16:32:00,65117.99
2026-07-15T16:33:00,65060.01
2026-07-15T16:34:00,64990.01
2026-07-15T16:35:00,64903.43
2026-07-15T16:36:00,64825.11
2026-07-15T16:37:00,64814.7
2026-07-15T16:38:00,64796.01
2026-07-15T16:39:00,64854.82
2026-07-15T16:40:00,64841.96
2026-07-15T16:41:00,64883.31
2026-07-15T16:42:00,64894.0
2026-07-15T16:43:00,64903.83
2026-07-15T16:44:00,64940.33
2026-07-15T16:45:00,64940.0
2026-07-15T16:46:00,65038.01
2026-07-15T16:47:00,64989.21
2026-07-15T16:48:00,65008.01
2026-07-15T16:49:00,65033.28
2026-07-15T16:50:00,65022.67
2026-07-15T16:51:00,65022.67
2026-07-15T16:52:00,65042.03
2026-07-15T16:53:00,65077.99
2026-07-15T16:54:00,65070.01
2026-07-15T16:55:00,65047.86
2026-07-15T16:56:00,65031.83
2026-07-15T16:57:00,65048.03
2026-07-15T16:58:00,65077.99
2026-07-15T16:59:00,65120.79
2026-07-15T17:00:00,65159.99
2026-07-15T17:01:00,65083.27
2026-07-15T17:02:00,65128.01
2026-07-15T17:03:00,65130.85
2026-07-15T17:04:00,65108.0
2026-07-15T17:05:00,65129.99
2026-07-15T17:06:00,65084.0
2026-07-15T17:07:00,65081.32
2026-07-15T17:08:00,65109.64
2026-07-15T17:09:00,65130.14
2026-07-15T17:10:00,65081.79
2026-07-15T17:11:00,65090.01
2026-07-15T17:12:00,65106.0
2026-07-15T17:13:00,65090.0
2026-07-15T17:14:00,65030.03
2026-07-15T17:15:00,65038.63
2026-07-15T17:16:00,65008.0
2026-07-15T17:17:00,65038.7
2026-07-15T17:18:00,64993.94
2026-07-15T17:19:00,65005.29
2026-07-15T17:20:00,65023.85
2026-07-15T17:21:00,65043.63
2026-07-15T17:22:00,65061.76
2026-07-15T17:23:00,65052.99
2026-07-15T17:24:00,65063.51
2026-07-15T17:25:00,65065.5
2026-07-15T17:26:00,65010.01
2026-07-15T17:27:00,65010.87
2026-07-15T17:28:00,65017.23
2026-07-15T17:29:00,65045.69
2026-07-15T17:30:00,65073.75
2026-07-15T17:31:00,65045.81
2026-07-15T17:32:00,65034.0
2026-07-15T17:33:00,65035.49
2026-07-15T17:34:00,65012.7
2026-07-15T17:35:00,64992.7
2026-07-15T17:36:00,65010.01
2026-07-15T17:37:00,65012.96
2026-07-15T17:38:00,65021.99
2026-07-15T17:39:00,65067.76
2026-07-15T17:40:00,65079.83
2026-07-15T17:41:00,65102.82
2026-07-15T17:42:00,65013.62
2026-07-15T17:43:00,65035.79
2026-07-15T17:44:00,65042.14
2026-07-15T17:45:00,65068.84
2026-07-15T17:46:00,65184.0
2026-07-15T17:47:00,65183.98
2026-07-15T17:48:00,64992.71
2026-07-15T17:49:00,65008.54
2026-07-15T17:50:00,65050.01
2026-07-15T17:51:00,65020.9
2026-07-15T17:52:00,65025.65
2026-07-15T17:53:00,65030.64
2026-07-15T17:54:00,65041.83
2026-07-15T17:55:00,65033.61
2026-07-15T17:56:00,65045.15
2026-07-15T17:57:00,65069.73
2026-07-15T17:58:00,65067.99
2026-07-15T17:59:00,65056.1
2026-07-15T18:00:00,65073.56
2026-07-15T18:01:00,65020.03
2026-07-15T18:02:00,64999.99
2026-07-15T18:03:00,64997.8
2026-07-15T18:04:00,64990.08
2026-07-15T18:05:00,64988.0
2026-07-15T18:06:00,64988.76
2026-07-15T18:07:00,65004.79
2026-07-15T18:08:00,65019.99
2026-07-15T18:09:00,65034.49
2026-07-15T18:10:00,65041.46
2026-07-15T18:11:00,65081.26
2026-07-15T18:12:00,65110.01
2026-07-15T18:13:00,65114.0
2026-07-15T18:14:00,65126.55
2026-07-15T18:15:00,65076.99
2026-07-15T18:16:00,65062.0
2026-07-15T18:17:00,65105.99
2026-07-15T18:18:00,65110.0
2026-07-15T18:19:00,65089.2
2026-07-15T18:20:00,65097.18
2026-07-15T18:21:00,65095.99
2026-07-15T18:22:00,65123.1
2026-07-15T18:23:00,65096.0
2026-07-15T18:24:00,65102.01
2026-07-15T18:25:00,65020.0
2026-07-15T18:26:00,65030.0
2026-07-15T18:27:00,65067.49
2026-07-15T18:28:00,65067.48
2026-07-15T18:29:00,65058.06
2026-07-15T18:30:00,65094.01
2026-07-15T18:31:00,65091.81
2026-07-15T18:32:00,65110.84
2026-07-15T18:33:00,65088.0
2026-07-15T18:34:00,65090.0
2026-07-15T18:35:00,65074.98
2026-07-15T18:36:00,65054.0
2026-07-15T18:37:00,65060.0
2026-07-15T18:38:00,65068.45
2026-07-15T18:39:00,65035.69
2026-07-15T18:40:00,65024.0
2026-07-15T18:41:00,65015.21
2026-07-15T18:42:00,65005.8
2026-07-15T18:43:00,64998.23
2026-07-15T18:44:00,64975.02
2026-07-15T18:45:00,65006.0
2026-07-15T18:46:00,64964.31
2026-07-15T18:47:00,65003.12
2026-07-15T18:48:00,64991.99
2026-07-15T18:49:00,65013.54
2026-07-15T18:50:00,65016.22
2026-07-15T18:51:00,64940.01
2026-07-15T18:52:00,64948.0
2026-07-15T18:53:00,64914.41
2026-07-15T18:54:00,64914.41
2026-07-15T18:55:00,64916.92
2026-07-15T18:56:00,64881.6
2026-07-15T18:57:00,64884.7
2026-07-15T18:58:00,64847.43
2026-07-15T18:59:00,64860.0
2026-07-15T19:00:00,64868.03
2026-07-15T19:01:00,64897.76
2026-07-15T19:02:00,64913.63
2026-07-15T19:03:00,64923.28
2026-07-15T19:04:00,64945.89
2026-07-15T19:05:00,64927.99
2026-07-15T19:06:00,64931.17
2026-07-15T19:07:00,64912.01
2026-07-15T19:08:00,64900.0
2026-07-15T19:09:00,64909.51
2026-07-15T19:10:00,64932.68
2026-07-15T19:11:00,64928.01
2026-07-15T19:12:00,64931.61
2026-07-15T19:13:00,64931.8
2026-07-15T19:14:00,64936.42
2026-07-15T19:15:00,64896.8
2026-07-15T19:16:00,64892.0
2026-07-15T19:17:00,64847.04
2026-07-15T19:18:00,64826.0
2026-07-15T19:19:00,64822.01
2026-07-15T19:20:00,64763.99
2026-07-15T19:21:00,64797.12
2026-07-15T19:22:00,64812.0
2026-07-15T19:23:00,64785.99
2026-07-15T19:24:00,64811.53
2026-07-15T19:25:00,64806.0
2026-07-15T19:26:00,64823.88
2026-07-15T19:27:00,64835.4
2026-07-15T19:28:00,64845.99
2026-07-15T19:29:00,64858.0
2026-07-15T19:30:00,64932.25
2026-07-15T19:31:00,64924.84
2026-07-15T19:32:00,64861.01
2026-07-15T19:33:00,64902.01
2026-07-15T19:34:00,64878.0
2026-07-15T19:35:00,64887.48
2026-07-15T19:36:00,64901.98
2026-07-15T19:37:00,64919.08
2026-07-15T19:38:00,64916.0
2026-07-15T19:39:00,64923.99
2026-07-15T19:40:00,64966.01
2026-07-15T19:41:00,64959.47
2026-07-15T19:42:00,64971.99
2026-07-15T19:43:00,64986.0
2026-07-15T19:44:00,64988.76
2026-07-15T19:45:00,64967.67
2026-07-15T19:46:00,64928.4
2026-07-15T19:47:00,64920.01
2026-07-15T19:48:00,64922.01
2026-07-15T19:49:00,64911.31
2026-07-15T19:50:00,64931.99
2026-07-15T19:51:00,64946.05
2026-07-15T19:52:00,64941.99
2026-07-15T19:53:00,64977.57
2026-07-15T19:54:00,64982.0
2026-07-15T19:55:00,64996.0
2026-07-15T19:56:00,64999.32
2026-07-15T19:57:00,64988.75
2026-07-15T19:58:00,64986.01
2026-07-15T19:59:00,64977.34
2026-07-15T20:00:00,64939.99
2026-07-15T20:01:00,64943.31
2026-07-15T20:02:00,64965.88
2026-07-15T20:03:00,64980.0
2026-07-15T20:04:00,64960.0
2026-07-15T20:05:00,64954.0
2026-07-15T20:06:00,64956.3
2026-07-15T20:07:00,64968.58
2026-07-15T20:08:00,64973.03
2026-07-15T20:09:00,64936.08
2026-07-15T20:10:00,64961.32
2026-07-15T20:11:00,64961.32
2026-07-15T20:12:00,64977.97
2026-07-15T20:13:00,64948.01
2026-07-15T20:14:00,64948.01
2026-07-15T20:15:00,64957.99
2026-07-15T20:16:00,65000.0
2026-07-15T20:17:00,64996.1
2026-07-15T20:18:00,64993.99
2026-07-15T20:19:00,65011.99
2026-07-15T20:20:00,65021.99
2026-07-15T20:21:00,65021.99
2026-07-15T20:22:00,65017.49
2026-07-15T20:23:00,64996.49
2026-07-15T20:24:00,65000.0
2026-07-15T20:25:00,65001.99
2026-07-15T20:26:00,65001.98
2026-07-15T20:27:00,64994.0
2026-07-15T20:28:00,64998.83
2026-07-15T20:29:00,65009.92
2026-07-15T20:30:00,65012.0
2026-07-15T20:31:00,65035.99
2026-07-15T20:32:00,65055.39
2026-07-15T20:33:00,65020.0
2026-07-15T20:34:00,65017.13
2026-07-15T20:35:00,65004.65
2026-07-15T20:36:00,64992.06
2026-07-15T20:37:00,64993.47
2026-07-15T20:38:00,64998.0
2026-07-15T20:39:00,65011.6
2026-07-15T20:40:00,65021.99
2026-07-15T20:41:00,65021.99
2026-07-15T20:42:00,65029.99
2026-07-15T20:43:00,64998.0
2026-07-15T20:44:00,64998.0
2026-07-15T20:45:00,64978.68
2026-07-15T20:46:00,64987.99
2026-07-15T20:47:00,64987.98
2026-07-15T20:48:00,64980.01
2026-07-15T20:49:00,64977.24
2026-07-15T20:50:00,64973.65
2026-07-15T20:51:00,64973.78
2026-07-15T20:52:00,64970.14
2026-07-15T20:53:00,64977.99
2026-07-15T20:54:00,64979.99
2026-07-15T20:55:00,64979.92
2026-07-15T20:56:00,64979.92
2026-07-15T20:57:00,64989.21
2026-07-15T20:58:00,64980.25
2026-07-15T20:59:00,64968.01
2026-07-15T21:00:00,64970.62
2026-07-15T21:01:00,64987.99
2026-07-15T21:02:00,64989.99
2026-07-15T21:03:00,65010.18
2026-07-15T21:04:00,64908.02
2026-07-15T21:05:00,64949.99
2026-07-15T21:06:00,64944.34
2026-07-15T21:07:00,64946.59
2026-07-15T21:08:00,64953.23
2026-07-15T21:09:00,64950.01
2026-07-15T21:10:00,64843.75
2026-07-15T21:11:00,64862.57
2026-07-15T21:12:00,64874.83
2026-07-15T21:13:00,64898.99
2026-07-15T21:14:00,64899.0
2026-07-15T21:15:00,64897.51
2026-07-15T21:16:00,64908.0
2026-07-15T21:17:00,64914.0
2026-07-15T21:18:00,64895.0
2026-07-15T21:19:00,64889.29
2026-07-15T21:20:00,64888.79
2026-07-15T21:21:00,64907.99
2026-07-15T21:22:00,64922.82
2026-07-15T21:23:00,64926.0
2026-07-15T21:24:00,64926.0
2026-07-15T21:25:00,64916.0
2026-07-15T21:26:00,64905.1
2026-07-15T21:27:00,64905.1
2026-07-15T21:28:00,64880.07
2026-07-15T21:29:00,64870.88
2026-07-15T21:30:00,64880.55
2026-07-15T21:31:00,64877.53
2026-07-15T21:32:00,64862.01
2026-07-15T21:33:00,64862.0
2026-07-15T21:34:00,64827.2
2026-07-15T21:35:00,64814.0
2026-07-15T21:36:00,64829.89
2026-07-15T21:37:00,64828.68
2026-07-15T21:38:00,64800.0
2026-07-15T21:39:00,64797.05
2026-07-15T21:40:00,64818.0
2026-07-15T21:41:00,64820.58
2026-07-15T21:42:00,64819.99
2026-07-15T21:43:00,64794.0
2026-07-15T21:44:00,64812.01
2026-07-15T21:45:00,64819.29
2026-07-15T21:46:00,64817.99
2026-07-15T21:47:00,64828.0
2026-07-15T21:48:00,64833.55
2026-07-15T21:49:00,64799.52
2026-07-15T21:50:00,64803.99
2026-07-15T21:51:00,64825.59
2026-07-15T21:52:00,64816.01
2026-07-15T21:53:00,64821.22
2026-07-15T21:54:00,64825.99
2026-07-15T21:55:00,64825.99
2026-07-15T21:56:00,64825.99
2026-07-15T21:57:00,64820.61
2026-07-15T21:58:00,64794.0
2026-07-15T21:59:00,64834.31
2026-07-15T22:00:00,64831.74
2026-07-15T22:01:00,64793.09
2026-07-15T22:02:00,64880.0
2026-07-15T22:03:00,64846.0
2026-07-15T22:04:00,64822.34
2026-07-15T22:05:00,64836.85
2026-07-15T22:06:00,64834.0
2026-07-15T22:07:00,64816.09
2026-07-15T22:08:00,64818.35
2026-07-15T22:09:00,64823.14
2026-07-15T22:10:00,64850.0
2026-07-15T22:11:00,64854.86
2026-07-15T22:12:00,64832.0
2026-07-15T22:13:00,64824.0
2026-07-15T22:14:00,64804.56
2026-07-15T22:15:00,64804.58
2026-07-15T22:16:00,64818.0
2026-07-15T22:17:00,64793.33
2026-07-15T22:18:00,64816.0
2026-07-15T22:19:00,64818.01
2026-07-15T22:20:00,64798.01
2026-07-15T22:21:00,64817.99
2026-07-15T22:22:00,64826.0
2026-07-15T22:23:00,64832.0
2026-07-15T22:24:00,64835.34
2026-07-15T22:25:00,64852.0
2026-07-15T22:26:00,64864.57
2026-07-15T22:27:00,64875.06
2026-07-15T22:28:00,64889.99
2026-07-15T22:29:00,64896.66
2026-07-15T22:30:00,64912.97
2026-07-15T22:31:00,64940.51
2026-07-15T22:32:00,64943.27
2026-07-15T22:33:00,64905.11
2026-07-15T22:34:00,64905.1
2026-07-15T22:35:00,64910.16
2026-07-15T22:36:00,64915.99
2026-07-15T22:37:00,64927.99
2026-07-15T22:38:00,64905.48
2026-07-15T22:39:00,64905.09
2026-07-15T22:40:00,64892.0
2026-07-15T22:41:00,64892.0
2026-07-15T22:42:00,64875.26
2026-07-15T22:43:00,64874.05
2026-07-15T22:44:00,64880.0
2026-07-15T22:45:00,64918.0
2026-07-15T22:46:00,64918.0
2026-07-15T22:47:00,64932.0
2026-07-15T22:48:00,64958.49
2026-07-15T22:49:00,64916.01
2026-07-15T22:50:00,64906.62
2026-07-15T22:51:00,64909.13
2026-07-15T22:52:00,64909.13
2026-07-15T22:53:00,64909.12
2026-07-15T22:54:00,64886.01
2026-07-15T22:55:00,64869.14
2026-07-15T22:56:00,64869.15
2026-07-15T22:57:00,64871.31
2026-07-15T22:58:00,64871.99
2026-07-15T22:59:00,64866.93
2026-07-15T23:00:00,64881.37
2026-07-15T23:01:00,64886.0
2026-07-15T23:02:00,64927.99
2026-07-15T23:03:00,64910.0
2026-07-15T23:04:00,64910.0
2026-07-15T23:05:00,64885.99
2026-07-15T23:06:00,64898.0
2026-07-15T23:07:00,64921.14
2026-07-15T23:08:00,64906.47
2026-07-15T23:09:00,64907.99
2026-07-15T23:10:00,64925.92
2026-07-15T23:11:00,64923.32
2026-07-15T23:12:00,64936.03
2026-07-15T23:13:00,64937.99
2026-07-15T23:14:00,64914.03
2026-07-15T23:15:00,64912.0
2026-07-15T23:16:00,64897.24
2026-07-15T23:17:00,64897.24
2026-07-15T23:18:00,64885.99
2026-07-15T23:19:00,64932.13
2026-07-15T23:20:00,64914.0
2026-07-15T23:21:00,64923.99
2026-07-15T23:22:00,64910.01
2026-07-15T23:23:00,64880.58
2026-07-15T23:24:00,64859.99
2026-07-15T23:25:00,64851.17
2026-07-15T23:26:00,64857.99
2026-07-15T23:27:00,64857.99
2026-07-15T23:28:00,64843.57
2026-07-15T23:29:00,64843.57
2026-07-15T23:30:00,64852.0
2026-07-15T23:31:00,64843.57
2026-07-15T23:32:00,64845.17
2026-07-15T23:33:00,64861.99
2026-07-15T23:34:00,64862.0
2026-07-15T23:35:00,64862.0
2026-07-15T23:36:00,64843.57
2026-07-15T23:37:00,64837.91
2026-07-15T23:38:00,64837.91
2026-07-15T23:39:00,64810.0
2026-07-15T23:40:00,64799.25
2026-07-15T23:41:00,64759.06
2026-07-15T23:42:00,64749.23
2026-07-15T23:43:00,64729.51
2026-07-15T23:44:00,64735.99
2026-07-15T23:45:00,64745.99
2026-07-15T23:46:00,64728.03
2026-07-15T23:47:00,64724.0
2026-07-15T23:48:00,64745.16
2026-07-15T23:49:00,64756.36
2026-07-15T23:50:00,64747.7
2026-07-15T23:51:00,64767.99
2026-07-15T23:52:00,64819.99
2026-07-15T23:53:00,64796.0
2026-07-15T23:54:00,64791.56
2026-07-15T23:55:00,64790.01
2026-07-15T23:56:00,64787.22
2026-07-15T23:57:00,64762.17
2026-07-15T23:58:00,64757.12
2026-07-15T23:59:00,64756.28
2026-07-16T00:00:00,64769.59
2026-07-16T00:01:00,64790.0
2026-07-16T00:02:00,64825.1
2026-07-16T00:03:00,64815.45
2026-07-16T00:04:00,64818.13
2026-07-16T00:05:00,64801.21
2026-07-16T00:06:00,64791.35
2026-07-16T00:07:00,64787.11
2026-07-16T00:08:00,64768.19
2026-07-16T00:09:00,64841.8
2026-07-16T00:10:00,64830.01
2026-07-16T00:11:00,64835.87
2026-07-16T00:12:00,64819.37
2026-07-16T00:13:00,64836.0
2026-07-16T00:14:00,64823.99
2026-07-16T00:15:00,64805.93
2026-07-16T00:16:00,64774.0
2026-07-16T00:17:00,64767.53
2026-07-16T00:18:00,64725.14
2026-07-16T00:19:00,64725.01
2026-07-16T00:20:00,64718.83
2026-07-16T00:21:00,64716.25
2026-07-16T00:22:00,64700.69
2026-07-16T00:23:00,64690.01
2026-07-16T00:24:00,64641.47
2026-07-16T00:25:00,64661.04
2026-07-16T00:26:00,64570.01
2026-07-16T00:27:00,64582.0
2026-07-16T00:28:00,64586.02
2026-07-16T00:29:00,64565.98
2026-07-16T00:30:00,64591.99
2026-07-16T00:31:00,64597.4
2026-07-16T00:32:00,64558.0
2026-07-16T00:33:00,64558.01
2026-07-16T00:34:00,64598.82
2026-07-16T00:35:00,64588.0
2026-07-16T00:36:00,64562.06
2026-07-16T00:37:00,64520.0
2026-07-16T00:38:00,64529.07
2026-07-16T00:39:00,64514.01
2026-07-16T00:40:00,64519.49
2026-07-16T00:41:00,64531.73
2026-07-16T00:42:00,64504.24
2026-07-16T00:43:00,64511.44
2026-07-16T00:44:00,64519.99
2026-07-16T00:45:00,64512.85
2026-07-16T00:46:00,64559.37
2026-07-16T00:47:00,64543.55
2026-07-16T00:48:00,64543.55
2026-07-16T00:49:00,64584.89
2026-07-16T00:50:00,64570.02
2026-07-16T00:51:00,64582.01
2026-07-16T00:52:00,64640.0
2026-07-16T00:53:00,64640.0
2026-07-16T00:54:00,64617.03
2026-07-16T00:55:00,64590.0
2026-07-16T00:56:00,64612.0
2026-07-16T00:57:00,64583.89
2026-07-16T00:58:00,64583.9
2026-07-16T00:59:00,64584.07
2026-07-16T01:00:00,64608.67
2026-07-16T01:01:00,64589.5
2026-07-16T01:02:00,64561.47
2026-07-16T01:03:00,64600.0
2026-07-16T01:04:00,64609.99
2026-07-16T01:05:00,64640.0
2026-07-16T01:06:00,64624.03
2026-07-16T01:07:00,64640.01
2026-07-16T01:08:00,64646.98
2026-07-16T01:09:00,64637.21
2026-07-16T01:10:00,64620.62
2026-07-16T01:11:00,64620.0
2026-07-16T01:12:00,64586.01
2026-07-16T01:13:00,64611.99
2026-07-16T01:14:00,64604.01
2026-07-16T01:15:00,64586.02
2026-07-16T01:16:00,64586.01
2026-07-16T01:17:00,64512.0
2026-07-16T01:18:00,64398.0
2026-07-16T01:19:00,64419.99
2026-07-16T01:20:00,64449.02
2026-07-16T01:21:00,64464.0
2026-07-16T01:22:00,64467.43
2026-07-16T01:23:00,64507.99
2026-07-16T01:24:00,64506.34
2026-07-16T01:25:00,64523.99
2026-07-16T01:26:00,64567.96
2026-07-16T01:27:00,64594.0
2026-07-16T01:28:00,64592.74
2026-07-16T01:29:00,64559.25
2026-07-16T01:30:00,64583.99
2026-07-16T01:31:00,64604.0
2026-07-16T01:32:00,64616.16
2026-07-16T01:33:00,64590.0
2026-07-16T01:34:00,64626.22
2026-07-16T01:35:00,64641.41
2026-07-16T01:36:00,64660.27
2026-07-16T01:37:00,64661.18
2026-07-16T01:38:00,64664.99
2026-07-16T01:39:00,64680.58
2026-07-16T01:40:00,64683.53
2026-07-16T01:41:00,64709.53
2026-07-16T01:42:00,64647.73
2026-07-16T01:43:00,64620.01
2026-07-16T01:44:00,64612.0
2026-07-16T01:45:00,64636.01
2026-07-16T01:46:00,64675.99
2026-07-16T01:47:00,64706.02
2026-07-16T01:48:00,64717.5
2026-07-16T01:49:00,64785.71
2026-07-16T01:50:00,64830.0
2026-07-16T01:51:00,64764.01
2026-07-16T01:52:00,64783.48
2026-07-16T01:53:00,64759.99
2026-07-16T01:54:00,64767.93
2026-07-16T01:55:00,64767.94
2026-07-16T01:56:00,64746.84
2026-07-16T01:57:00,64725.98
2026-07-16T01:58:00,64737.99
2026-07-16T01:59:00,64730.01
2026-07-16T02:00:00,64709.12
2026-07-16T02:01:00,64723.74
2026-07-16T02:02:00,64722.37
2026-07-16T02:03:00,64706.66
2026-07-16T02:04:00,64682.68
2026-07-16T02:05:00,64681.99
2026-07-16T02:06:00,64679.99
2026-07-16T02:07:00,64682.0
2026-07-16T02:08:00,64704.85
2026-07-16T02:09:00,64678.01
2026-07-16T02:10:00,64663.08
2026-07-16T02:11:00,64668.0
2026-07-16T02:12:00,64650.0
2026-07-16T02:13:00,64636.74
2026-07-16T02:14:00,64655.99
2026-07-16T02:15:00,64646.0
2026-07-16T02:16:00,64625.99
2026-07-16T02:17:00,64623.26
2026-07-16T02:18:00,64653.06
2026-07-16T02:19:00,64680.04
2026-07-16T02:20:00,64674.02
2026-07-16T02:21:00,64635.04
2026-07-16T02:22:00,64606.0
2026-07-16T02:23:00,64659.43
2026-07-16T02:24:00,64671.99
2026-07-16T02:25:00,64686.88
2026-07-16T02:26:00,64661.36
2026-07-16T02:27:00,64652.84
2026-07-16T02:28:00,64655.59
2026-07-16T02:29:00,64669.99
2026-07-16T02:30:00,64672.0
2026-07-16T02:31:00,64616.06
2026-07-16T02:32:00,64618.0
2026-07-16T02:33:00,64617.3
2026-07-16T02:34:00,64617.68
2026-07-16T02:35:00,64674.18
2026-07-16T02:36:00,64656.2
2026-07-16T02:37:00,64635.53
2026-07-16T02:38:00,64631.01
2026-07-16T02:39:00,64595.51
2026-07-16T02:40:00,64612.0
2026-07-16T02:41:00,64594.96
2026-07-16T02:42:00,64589.99
2026-07-16T02:43:00,64591.99
2026-07-16T02:44:00,64592.0
2026-07-16T02:45:00,64609.89
2026-07-16T02:46:00,64621.99
2026-07-16T02:47:00,64612.01
2026-07-16T02:48:00,64605.79
2026-07-16T02:49:00,64614.41
2026-07-16T02:50:00,64613.58
2026-07-16T02:51:00,64600.0
2026-07-16T02:52:00,64584.0
2026-07-16T02:53:00,64607.99
2026-07-16T02:54:00,64612.12
2026-07-16T02:55:00,64639.48
2026-07-16T02:56:00,64639.48
2026-07-16T02:57:00,64634.0
2026-07-16T02:58:00,64648.44
2026-07-16T02:59:00,64642.01
2026-07-16T03:00:00,64634.02
2026-07-16T03:01:00,64628.2
2026-07-16T03:02:00,64655.99
2026-07-16T03:03:00,64634.22
2026-07-16T03:04:00,64612.0
2026-07-16T03:05:00,64612.0
2026-07-16T03:06:00,64625.99
2026-07-16T03:07:00,64605.21
2026-07-16T03:08:00,64622.84
2026-07-16T03:09:00,64641.47
2026-07-16T03:10:00,64641.49
2026-07-16T03:11:00,64694.57
2026-07-16T03:12:00,64704.0
2026-07-16T03:13:00,64717.86
2026-07-16T03:14:00,64700.87
2026-07-16T03:15:00,64671.26
2026-07-16T03:16:00,64676.0
2026-07-16T03:17:00,64653.65
2026-07-16T03:18:00,64608.0
2026-07-16T03:19:00,64600.01
2026-07-16T03:20:00,64632.01
2026-07-16T03:21:00,64628.0
2026-07-16T03:22:00,64642.0
2026-07-16T03:23:00,64634.01
2026-07-16T03:24:00,64622.76
2026-07-16T03:25:00,64633.99
2026-07-16T03:26:00,64661.56
2026-07-16T03:27:00,64656.0
2026-07-16T03:28:00,64696.0
2026-07-16T03:29:00,64686.0
2026-07-16T03:30:00,64682.0
2026-07-16T03:31:00,64701.01
2026-07-16T03:32:00,64700.01
2026-07-16T03:33:00,64715.84
2026-07-16T03:34:00,64722.79
2026-07-16T03:35:00,64732.89
2026-07-16T03:36:00,64727.86
2026-07-16T03:37:00,64697.0
2026-07-16T03:38:00,64681.54
2026-07-16T03:39:00,64686.0
2026-07-16T03:40:00,64695.99
2026-07-16T03:41:00,64696.0
2026-07-16T03:42:00,64691.73
2026-07-16T03:43:00,64677.49
2026-07-16T03:44:00,64666.88
2026-07-16T03:45:00,64660.37
2026-07-16T03:46:00,64636.01
2026-07-16T03:47:00,64622.01
2026-07-16T03:48:00,64576.43
2026-07-16T03:49:00,64557.61
2026-07-16T03:50:00,64584.0
2026-07-16T03:51:00,64583.99
2026-07-16T03:52:00,64586.0
2026-07-16T03:53:00,64586.0
2026-07-16T03:54:00,64615.36
2026-07-16T03:55:00,64610.2
2026-07-16T03:56:00,64610.19
2026-07-16T03:57:00,64610.19
2026-07-16T03:58:00,64610.2
2026-07-16T03:59:00,64619.95
2026-07-16T04:00:00,64632.0
2026-07-16T04:01:00,64635.98
2026-07-16T04:02:00,64642.0
2026-07-16T04:03:00,64642.0
2026-07-16T04:04:00,64617.99
2026-07-16T04:05:00,64621.99
2026-07-16T04:06:00,64621.99
2026-07-16T04:07:00,64621.99
2026-07-16T04:08:00,64620.0
2026-07-16T04:09:00,64589.04
2026-07-16T04:10:00,64614.0
2026-07-16T04:11:00,64653.99
2026-07-16T04:12:00,64653.73
2026-07-16T04:13:00,64653.74
2026-07-16T04:14:00,64653.75
2026-07-16T04:15:00,64634.77
2026-07-16T04:16:00,64612.77
2026-07-16T04:17:00,64610.01
2026-07-16T04:18:00,64598.65
2026-07-16T04:19:00,64567.74
2026-07-16T04:20:00,64569.99
2026-07-16T04:21:00,64556.25
2026-07-16T04:22:00,64553.37
2026-07-16T04:23:00,64550.5
2026-07-16T04:24:00,64601.66
2026-07-16T04:25:00,64617.98
2026-07-16T04:26:00,64658.0
2026-07-16T04:27:00,64648.0
2026-07-16T04:28:00,64638.01
2026-07-16T04:29:00,64650.0
2026-07-16T04:30:00,64657.07
2026-07-16T04:31:00,64691.99
2026-07-16T04:32:00,64652.01
2026-07-16T04:33:00,64609.74
2026-07-16T04:34:00,64619.99
2026-07-16T04:35:00,64620.0
2026-07-16T04:36:00,64598.12
2026-07-16T04:37:00,64613.98
2026-07-16T04:38:00,64600.0
2026-07-16T04:39:00,64611.67
2026-07-16T04:40:00,64592.41
2026-07-16T04:41:00,64599.33
2026-07-16T04:42:00,64609.78
2026-07-16T04:43:00,64609.77
2026-07-16T04:44:00,64616.0
2026-07-16T04:45:00,64609.53
2026-07-16T04:46:00,64606.01
2026-07-16T04:47:00,64586.48
2026-07-16T04:48:00,64581.16
2026-07-16T04:49:00,64633.99
2026-07-16T04:50:00,64608.97
2026-07-16T04:51:00,64606.0
2026-07-16T04:52:00,64622.54
2026-07-16T04:53:00,64628.0
2026-07-16T04:54:00,64642.62
2026-07-16T04:55:00,64624.83
2026-07-16T04:56:00,64608.05
2026-07-16T04:57:00,64600.01
2026-07-16T04:58:00,64608.03
2026-07-16T04:59:00,64650.05
2026-07-16T05:00:00,64612.0
2026-07-16T05:01:00,64611.15
2026-07-16T05:02:00,64653.99
2026-07-16T05:03:00,64651.41
2026-07-16T05:04:00,64643.69
2026-07-16T05:05:00,64641.11
2026-07-16T05:06:00,64672.64
2026-07-16T05:07:00,64673.27
2026-07-16T05:08:00,64673.27
2026-07-16T05:09:00,64668.18
2026-07-16T05:10:00,64669.08
2026-07-16T05:11:00,64684.58
2026-07-16T05:12:00,64709.32
2026-07-16T05:13:00,64740.35
2026-07-16T05:14:00,64770.0
2026-07-16T05:15:00,64835.99
2026-07-16T05:16:00,64810.01
2026-07-16T05:17:00,64801.53
2026-07-16T05:18:00,64786.29
2026-07-16T05:19:00,64781.11
2026-07-16T05:20:00,64823.0
2026-07-16T05:21:00,64841.9
2026-07-16T05:22:00,64859.93
2026-07-16T05:23:00,64905.1
2026-07-16T05:24:00,64930.15
2026-07-16T05:25:00,64906.01
2026-07-16T05:26:00,64926.42
2026-07-16T05:27:00,64946.84
2026-07-16T05:28:00,64928.0
2026-07-16T05:29:00,64931.99
2026-07-16T05:30:00,64948.0
2026-07-16T05:31:00,64906.01
2026-07-16T05:32:00,64941.51
2026-07-16T05:33:00,64992.0
2026-07-16T05:34:00,64932.02
2026-07-16T05:35:00,64885.69
2026-07-16T05:36:00,64919.99
2026-07-16T05:37:00,64938.55
2026-07-16T05:38:00,64910.17
2026-07-16T05:39:00,64930.0
2026-07-16T05:40:00,64912.24
2026-07-16T05:41:00,64936.0
2026-07-16T05:42:00,64920.02
2026-07-16T05:43:00,64910.0
2026-07-16T05:44:00,64911.4
2026-07-16T05:45:00,64908.0
2026-07-16T05:46:00,64900.17
2026-07-16T05:47:00,64900.18
2026-07-16T05:48:00,64907.98
2026-07-16T05:49:00,64904.49
2026-07-16T05:50:00,64921.99
2026-07-16T05:51:00,64918.02
2026-07-16T05:52:00,64892.0
2026-07-16T05:53:00,64901.32
2026-07-16T05:54:00,64898.62
2026-07-16T05:55:00,64902.68
2026-07-16T05:56:00,64909.99
2026-07-16T05:57:00,64926.49
2026-07-16T05:58:00,64922.01
2026-07-16T05:59:00,64917.99
2026-07-16T06:00:00,64934.01
2026-07-16T06:01:00,64922.8
2026-07-16T06:02:00,64905.7
2026-07-16T06:03:00,64875.61
2026-07-16T06:04:00,64902.0
2026-07-16T06:05:00,64892.31
2026-07-16T06:06:00,64882.9
2026-07-16T06:07:00,64882.89
2026-07-16T06:08:00,64944.0
2026-07-16T06:09:00,64938.01
2026-07-16T06:10:00,64898.5
2026-07-16T06:11:00,64882.0
2026-07-16T06:12:00,64860.0
2026-07-16T06:13:00,64844.09
2026-07-16T06:14:00,64862.0
2026-07-16T06:15:00,64848.17
2026-07-16T06:16:00,64841.15
2026-07-16T06:17:00,64845.39
2026-07-16T06:18:00,64850.7
2026-07-16T06:19:00,64891.21
2026-07-16T06:20:00,64870.0
2026-07-16T06:21:00,64872.81
2026-07-16T06:22:00,64839.1
2026-07-16T06:23:00,64848.98
2026-07-16T06:24:00,64851.99
2026-07-16T06:25:00,64850.01
2026-07-16T06:26:00,64842.0
2026-07-16T06:27:00,64824.01
2026-07-16T06:28:00,64808.01
2026-07-16T06:29:00,64823.48
2026-07-16T06:30:00,64812.0
2026-07-16T06:31:00,64794.01
2026-07-16T06:32:00,64807.91
2026-07-16T06:33:00,64806.76
2026-07-16T06:34:00,64791.78
2026-07-16T06:35:00,64773.99
2026-07-16T06:36:00,64739.91
2026-07-16T06:37:00,64640.0
2026-07-16T06:38:00,64652.01
2026-07-16T06:39:00,64670.5
2026-07-16T06:40:00,64710.0
2026-07-16T06:41:00,64707.42
2026-07-16T06:42:00,64727.99
2026-07-16T06:43:00,64727.99
2026-07-16T06:44:00,64729.16
2026-07-16T06:45:00,64700.01
2026-07-16T06:46:00,64706.9
2026-07-16T06:47:00,64747.81
2026-07-16T06:48:00,64744.0
2026-07-16T06:49:00,64780.72
2026-07-16T06:50:00,64762.0
2026-07-16T06:51:00,64765.99
2026-07-16T06:52:00,64764.83
2026-07-16T06:53:00,64794.0
2026-07-16T06:54:00,64762.01
2026-07-16T06:55:00,64773.99
2026-07-16T06:56:00,64779.39
2026-07-16T06:57:00,64770.0
2026-07-16T06:58:00,64765.87
2026-07-16T06:59:00,64777.32
2026-07-16T07:00:00,64752.51
2026-07-16T07:01:00,64754.96
2026-07-16T07:02:00,64771.64
2026-07-16T07:03:00,64754.01
2026-07-16T07:04:00,64760.0
2026-07-16T07:05:00,64722.0
2026-07-16T07:06:00,64711.02
2026-07-16T07:07:00,64690.01
2026-07-16T07:08:00,64679.09
2026-07-16T07:09:00,64679.09
2026-07-16T07:10:00,64689.99
2026-07-16T07:11:00,64703.36
2026-07-16T07:12:00,64703.36
2026-07-16T07:13:00,64667.76
2026-07-16T07:14:00,64656.0
2026-07-16T07:15:00,64603.75
2026-07-16T07:16:00,64606.87
2026-07-16T07:17:00,64619.0
2026-07-16T07:18:00,64575.99
2026-07-16T07:19:00,64586.0
2026-07-16T07:20:00,64599.05
2026-07-16T07:21:00,64599.99
2026-07-16T07:22:00,64605.83
2026-07-16T07:23:00,64603.28
2026-07-16T07:24:00,64580.97
2026-07-16T07:25:00,64572.01
2026-07-16T07:26:00,64540.01
2026-07-16T07:27:00,64529.8
2026-07-16T07:28:00,64518.95
2026-07-16T07:29:00,64500.01
2026-07-16T07:30:00,64502.54
2026-07-16T07:31:00,64460.01
2026-07-16T07:32:00,64456.24
2026-07-16T07:33:00,64455.69
2026-07-16T07:34:00,64466.67
2026-07-16T07:35:00,64409.12
2026-07-16T07:36:00,64321.34
2026-07-16T07:37:00,64301.99
2026-07-16T07:38:00,64285.18
2026-07-16T07:39:00,64267.99
2026-07-16T07:40:00,64227.99
2026-07-16T07:41:00,64222.01
2026-07-16T07:42:00,64226.0
2026-07-16T07:43:00,64215.64
2026-07-16T07:44:00,64234.24
2026-07-16T07:45:00,64250.0
2026-07-16T07:46:00,64268.17
2026-07-16T07:47:00,64248.72
2026-07-16T07:48:00,64262.0
2026-07-16T07:49:00,64228.0
2026-07-16T07:50:00,64152.89
2026-07-16T07:51:00,64188.12
2026-07-16T07:52:00,64166.11
2026-07-16T07:53:00,64107.98
2026-07-16T07:54:00,64114.01
2026-07-16T07:55:00,64130.95
2026-07-16T07:56:00,64180.0
2026-07-16T07:57:00,64198.0
2026-07-16T07:58:00,64241.76
2026-07-16T07:59:00,64238.0
2026-07-16T08:00:00,64246.01
2026-07-16T08:01:00,64238.3
2026-07-16T08:02:00,64252.11
2026-07-16T08:03:00,64182.01
2026-07-16T08:04:00,64199.99
2026-07-16T08:05:00,64188.01
2026-07-16T08:06:00,64179.99
2026-07-16T08:07:00,64141.89
2026-07-16T08:08:00,64134.94
2026-07-16T08:09:00,64142.56
2026-07-16T08:10:00,64081.03
2026-07-16T08:11:00,64106.28
2026-07-16T08:12:00,64046.01
2026-07-16T08:13:00,64011.78
2026-07-16T08:14:00,63943.99
2026-07-16T08:15:00,63908.0
2026-07-16T08:16:00,63930.0
2026-07-16T08:17:00,63984.08
2026-07-16T08:18:00,64000.0
2026-07-16T08:19:00,63948.85
2026-07-16T08:20:00,63985.15
2026-07-16T08:21:00,64010.0
2026-07-16T08:22:00,64020.83
2026-07-16T08:23:00,64043.02
2026-07-16T08:24:00,64060.0
2026-07-16T08:25:00,64055.13
2026-07-16T08:26:00,64080.0
2026-07-16T08:27:00,64111.11
2026-07-16T08:28:00,64146.0
2026-07-16T08:29:00,64160.51
2026-07-16T08:30:00,64173.14
2026-07-16T08:31:00,64210.0
2026-07-16T08:32:00,64171.82
2026-07-16T08:33:00,64210.0
2026-07-16T08:34:00,64198.03
2026-07-16T08:35:00,64240.01
2026-07-16T08:36:00,64283.73
2026-07-16T08:37:00,64341.79
2026-07-16T08:38:00,64328.27
2026-07-16T08:39:00,64324.0
2026-07-16T08:40:00,64324.17
2026-07-16T08:41:00,64315.56
2026-07-16T08:42:00,64275.99
2026-07-16T08:43:00,64236.0
2026-07-16T08:44:00,64143.91
2026-07-16T08:45:00,64142.3
2026-07-16T08:46:00,64182.66
2026-07-16T08:47:00,64207.99
2026-07-16T08:48:00,64207.99
2026-07-16T08:49:00,64172.05
2026-07-16T08:50:00,64136.0
2026-07-16T08:51:00,64128.0
2026-07-16T08:52:00,64117.31
2026-07-16T08:53:00,64104.38
2026-07-16T08:54:00,64080.23
2026-07-16T08:55:00,64104.7
2026-07-16T08:56:00,64097.21
2026-07-16T08:57:00,64073.29
2026-07-16T08:58:00,64120.23
2026-07-16T08:59:00,64126.85
2026-07-16T09:00:00,64175.99
2026-07-16T09:01:00,64132.01
2026-07-16T09:02:00,64156.0
2026-07-16T09:03:00,64163.99
2026-07-16T09:04:00,64139.05
2026-07-16T09:05:00,64141.71
2026-07-16T09:06:00,64138.02
2026-07-16T09:07:00,64108.0
2026-07-16T09:08:00,64108.01
2026-07-16T09:09:00,64134.06
2026-07-16T09:10:00,64152.0
2026-07-16T09:11:00,64157.99
2026-07-16T09:12:00,64156.12
2026-07-16T09:13:00,64142.33
2026-07-16T09:14:00,64112.01
2026-07-16T09:15:00,64135.99
2026-07-16T09:16:00,64134.76
2026-07-16T09:17:00,64142.14
2026-07-16T09:18:00,64120.49
2026-07-16T09:19:00,64122.0
2026-07-16T09:20:00,64130.0
2026-07-16T09:21:00,64117.01
2026-07-16T09:22:00,64102.0
2026-07-16T09:23:00,64087.11
2026-07-16T09:24:00,64069.94
2026-07-16T09:25:00,64072.01
2026-07-16T09:26:00,64103.73
2026-07-16T09:27:00,64070.19
2026-07-16T09:28:00,64056.01
2026-07-16T09:29:00,64032.87
2026-07-16T09:30:00,64081.74
2026-07-16T09:31:00,64100.54
2026-07-16T09:32:00,64112.09
2026-07-16T09:33:00,64079.95
2026-07-16T09:34:00,64092.96
2026-07-16T09:35:00,64112.0
2026-07-16T09:36:00,64097.74
2026-07-16T09:37:00,64100.16
2026-07-16T09:38:00,64094.13
2026-07-16T09:39:00,64072.0
2026-07-16T09:40:00,64091.32
2026-07-16T09:41:00,64100.2
2026-07-16T09:42:00,64102.0
2026-07-16T09:43:00,64118.0
2026-07-16T09:44:00,64109.77
2026-07-16T09:45:00,64115.19
2026-07-16T09:46:00,64090.01
2026-07-16T09:47:00,64103.99
2026-07-16T09:48:00,64119.76
2026-07-16T09:49:00,64087.51
2026-07-16T09:50:00,64091.99
2026-07-16T09:51:00,64116.95
2026-07-16T09:52:00,64122.93
2026-07-16T09:53:00,64032.06
2026-07-16T09:54:00,64071.14
2026-07-16T09:55:00,64081.31
2026-07-16T09:56:00,64087.44
2026-07-16T09:57:00,64085.16
2026-07-16T09:58:00,64079.03
2026-07-16T09:59:00,64090.0
2026-07-16T10:00:00,64103.6
2026-07-16T10:01:00,64082.01
2026-07-16T10:02:00,64080.0
2026-07-16T10:03:00,64093.99
2026-07-16T10:04:00,64102.0
2026-07-16T10:05:00,64118.05
2026-07-16T10:06:00,64131.06
2026-07-16T10:07:00,64160.0
2026-07-16T10:08:00,64173.99
2026-07-16T10:09:00,64180.29
2026-07-16T10:10:00,64156.01
2026-07-16T10:11:00,64154.0
2026-07-16T10:12:00,64136.92
2026-07-16T10:13:00,64145.5
2026-07-16T10:14:00,64145.49
2026-07-16T10:15:00,64126.69
2026-07-16T10:16:00,64155.72
2026-07-16T10:17:00,64175.99
2026-07-16T10:18:00,64214.01
2026-07-16T10:19:00,64228.0
2026-07-16T10:20:00,64225.64
2026-07-16T10:21:00,64196.0
2026-07-16T10:22:00,64190.01
2026-07-16T10:23:00,64203.72
2026-07-16T10:24:00,64207.71
2026-07-16T10:25:00,64201.65
2026-07-16T10:26:00,64201.91
2026-07-16T10:27:00,64188.0
2026-07-16T10:28:00,64211.98
2026-07-16T10:29:00,64224.57
2026-07-16T10:30:00,64232.84
2026-07-16T10:31:00,64236.51
2026-07-16T10:32:00,64258.82
2026-07-16T10:33:00,64251.45
2026-07-16T10:34:00,64262.54
2026-07-16T10:35:00,64245.77
2026-07-16T10:36:00,64224.0
2026-07-16T10:37:00,64200.01
2026-07-16T10:38:00,64200.0
2026-07-16T10:39:00,64188.02
2026-07-16T10:40:00,64200.0
2026-07-16T10:41:00,64194.79
2026-07-16T10:42:00,64188.02
2026-07-16T10:43:00,64199.85
2026-07-16T10:44:00,64194.53
2026-07-16T10:45:00,64188.04
2026-07-16T10:46:00,64186.01
2026-07-16T10:47:00,64181.65
2026-07-16T10:48:00,64180.0
2026-07-16T10:49:00,64185.7
2026-07-16T10:50:00,64193.58
2026-07-16T10:51:00,64193.59
2026-07-16T10:52:00,64197.94
2026-07-16T10:53:00,64202.86
2026-07-16T10:54:00,64181.8
2026-07-16T10:55:00,64196.82
2026-07-16T10:56:00,64200.45
2026-07-16T10:57:00,64205.99
2026-07-16T10:58:00,64223.23
2026-07-16T10:59:00,64221.34
2026-07-16T11:00:00,64194.54
2026-07-16T11:01:00,64206.15
2026-07-16T11:02:00,64194.01
2026-07-16T11:03:00,64198.53
2026-07-16T11:04:00,64182.01
2026-07-16T11:05:00,64148.01
2026-07-16T11:06:00,64138.01
2026-07-16T11:07:00,64136.58
2026-07-16T11:08:00,64139.39
2026-07-16T11:09:00,64149.99
2026-07-16T11:10:00,64135.62
2026-07-16T11:11:00,64153.84
2026-07-16T11:12:00,64181.99
2026-07-16T11:13:00,64174.01
2026-07-16T11:14:00,64170.01
2026-07-16T11:15:00,64164.01
2026-07-16T11:16:00,64118.0
2026-07-16T11:17:00,64129.49
2026-07-16T11:18:00,64129.44
2026-07-16T11:19:00,64128.01
2026-07-16T11:20:00,64139.99
2026-07-16T11:21:00,64160.0
2026-07-16T11:22:00,64200.19
2026-07-16T11:23:00,64250.07
2026-07-16T11:24:00,64256.82
2026-07-16T11:25:00,64225.6
2026-07-16T11:26:00,64204.67
2026-07-16T11:27:00,64234.76
2026-07-16T11:28:00,64205.24
2026-07-16T11:29:00,64185.02
2026-07-16T11:30:00,64176.0
2026-07-16T11:31:00,64160.01
2026-07-16T11:32:00,64163.23
2026-07-16T11:33:00,64165.99
2026-07-16T11:34:00,64194.01
2026-07-16T11:35:00,64201.98
2026-07-16T11:36:00,64219.95
2026-07-16T11:37:00,64208.72
2026-07-16T11:38:00,64178.01
2026-07-16T11:39:00,64200.0
2026-07-16T11:40:00,64224.0
2026-07-16T11:41:00,64224.01
2026-07-16T11:42:00,64243.99
2026-07-16T11:43:00,64260.28
2026-07-16T11:44:00,64263.16
2026-07-16T11:45:00,64262.1
2026-07-16T11:46:00,64269.41
2026-07-16T11:47:00,64242.01
2026-07-16T11:48:00,64248.36
2026-07-16T11:49:00,64128.84
2026-07-16T11:50:00,64140.0
2026-07-16T11:51:00,64183.99
2026-07-16T11:52:00,64202.0
2026-07-16T11:53:00,64202.75
2026-07-16T11:54:00,64202.73
2026-07-16T11:55:00,64211.09
2026-07-16T11:56:00,64217.71
2026-07-16T11:57:00,64223.83
2026-07-16T11:58:00,64263.32
2026-07-16T11:59:00,64256.53
2026-07-16T12:00:00,64236.0
2026-07-16T12:01:00,64242.42
2026-07-16T12:02:00,64228.03
2026-07-16T12:03:00,64233.72
2026-07-16T12:04:00,64171.95
2026-07-16T12:05:00,64155.05
2026-07-16T12:06:00,64163.99
2026-07-16T12:07:00,64158.27
2026-07-16T12:08:00,64158.0
2026-07-16T12:09:00,64180.01
2026-07-16T12:10:00,64192.0
2026-07-16T12:11:00,64194.0
2026-07-16T12:12:00,64157.63
2026-07-16T12:13:00,64148.01
2026-07-16T12:14:00,64164.0
2026-07-16T12:15:00,64140.0
2026-07-16T12:16:00,64127.99
2026-07-16T12:17:00,64134.82
2026-07-16T12:18:00,64149.99
2026-07-16T12:19:00,64162.0
2026-07-16T12:20:00,64166.6
2026-07-16T12:21:00,64140.71
2026-07-16T12:22:00,64161.73
2026-07-16T12:23:00,64173.41
2026-07-16T12:24:00,64125.17
2026-07-16T12:25:00,64119.99
2026-07-16T12:26:00,64140.0
2026-07-16T12:27:00,64141.3
2026-07-16T12:28:00,64162.79
2026-07-16T12:29:00,64184.23
2026-07-16T12:30:00,64203.28
2026-07-16T12:31:00,64180.18
2026-07-16T12:32:00,64144.06
2026-07-16T12:33:00,64173.54
2026-07-16T12:34:00,64153.39
2026-07-16T12:35:00,64141.31
2026-07-16T12:36:00,64118.01
2026-07-16T12:37:00,63992.17
2026-07-16T12:38:00,64001.05
2026-07-16T12:39:00,63978.94
2026-07-16T12:40:00,63952.19
2026-07-16T12:41:00,63916.0
2026-07-16T12:42:00,63927.99
2026-07-16T12:43:00,63920.0
2026-07-16T12:44:00,63888.0
2026-07-16T12:45:00,63875.99
2026-07-16T12:46:00,63956.66
2026-07-16T12:47:00,63950.01
2026-07-16T12:48:00,63972.68
2026-07-16T12:49:00,63949.99
2026-07-16T12:50:00,63954.66
2026-07-16T12:51:00,63941.01
2026-07-16T12:52:00,64000.0
2026-07-16T12:53:00,64010.47
2026-07-16T12:54:00,64026.01
2026-07-16T12:55:00,64006.01
2026-07-16T12:56:00,63995.4
2026-07-16T12:57:00,63978.26
2026-07-16T12:58:00,63972.0
2026-07-16T12:59:00,63966.01
2026-07-16T13:00:00,63996.0
2026-07-16T13:01:00,64015.39
2026-07-16T13:02:00,63972.17
2026-07-16T13:03:00,64000.01
2026-07-16T13:04:00,63979.99
2026-07-16T13:05:00,64001.99
2026-07-16T13:06:00,63998.01
2026-07-16T13:07:00,64015.24
2026-07-16T13:08:00,64023.48
2026-07-16T13:09:00,64022.22
2026-07-16T13:10:00,64078.8
2026-07-16T13:11:00,64082.0
2026-07-16T13:12:00,64094.58
2026-07-16T13:13:00,64099.99
2026-07-16T13:14:00,64085.22
2026-07-16T13:15:00,64092.87
2026-07-16T13:16:00,64107.75
2026-07-16T13:17:00,64073.49
2026-07-16T13:18:00,64084.0
2026-07-16T13:19:00,64097.87
2026-07-16T13:20:00,64165.77
2026-07-16T13:21:00,64181.98
2026-07-16T13:22:00,64197.99
2026-07-16T13:23:00,64235.85
2026-07-16T13:24:00,64214.4
2026-07-16T13:25:00,64185.98
2026-07-16T13:26:00,64202.0
2026-07-16T13:27:00,64198.01
2026-07-16T13:28:00,64205.94
2026-07-16T13:29:00,64249.99
2026-07-16T13:30:00,64326.0
2026-07-16T13:31:00,64277.99
2026-07-16T13:32:00,64291.99
2026-07-16T13:33:00,64292.59
2026-07-16T13:34:00,64324.0
2026-07-16T13:35:00,64387.29
2026-07-16T13:36:00,64448.78
2026-07-16T13:37:00,64360.01
2026-07-16T13:38:00,64319.99
2026-07-16T13:39:00,64300.0
2026-07-16T13:40:00,64319.72
2026-07-16T13:41:00,64254.98
2026-07-16T13:42:00,64186.24
2026-07-16T13:43:00,64221.97
2026-07-16T13:44:00,64157.22
2026-07-16T13:45:00,64218.73
2026-07-16T13:46:00,64251.97
2026-07-16T13:47:00,64202.03
2026-07-16T13:48:00,64143.99
2026-07-16T13:49:00,64208.69
2026-07-16T13:50:00,64272.05
2026-07-16T13:51:00,64319.02
2026-07-16T13:52:00,64326.01
2026-07-16T13:53:00,64344.74
2026-07-16T13:54:00,64270.63
2026-07-16T13:55:00,64285.99
2026-07-16T13:56:00,64309.98
2026-07-16T13:57:00,64297.99
2026-07-16T13:58:00,64383.99
2026-07-16T13:59:00,64376.0
2026-07-16T14:00:00,64434.0
2026-07-16T14:01:00,64488.0
2026-07-16T14:02:00,64403.03
2026-07-16T14:03:00,64375.51
2026-07-16T14:04:00,64346.0
2026-07-16T14:05:00,64412.0
2026-07-16T14:06:00,64513.83
2026-07-16T14:07:00,64568.73
2026-07-16T14:08:00,64617.0
2026-07-16T14:09:00,64607.99
2026-07-16T14:10:00,64596.0
2026-07-16T14:11:00,64696.55
2026-07-16T14:12:00,64603.99
2026-07-16T14:13:00,64586.02
2026-07-16T14:14:00,64635.43
2026-07-16T14:15:00,64615.99
2026-07-16T14:16:00,64697.93
2026-07-16T14:17:00,64689.99
2026-07-16T14:18:00,64620.38
2026-07-16T14:19:00,64683.99
2026-07-16T14:20:00,64593.89
2026-07-16T14:21:00,64595.06
2026-07-16T14:22:00,64594.96
2026-07-16T14:23:00,64653.99
2026-07-16T14:24:00,64620.42
2026-07-16T14:25:00,64653.99
2026-07-16T14:26:00,64684.0
2026-07-16T14:27:00,64814.0
2026-07-16T14:28:00,64783.99
2026-07-16T14:29:00,64766.02
2026-07-16T14:30:00,64723.69
2026-07-16T14:31:00,64665.95
2026-07-16T14:32:00,64731.54
2026-07-16T14:33:00,64729.99
2026-07-16T14:34:00,64762.48
2026-07-16T14:35:00,64805.99
2026-07-16T14:36:00,64737.88
2026-07-16T14:37:00,64770.0
2026-07-16T14:38:00,64720.0
2026-07-16T14:39:00,64692.81
2026-07-16T14:40:00,64714.0
2026-07-16T14:41:00,64694.0
2026-07-16T14:42:00,64709.03
2026-07-16T14:43:00,64690.0
2026-07-16T14:44:00,64741.08
2026-07-16T14:45:00,64706.01
2026-07-16T14:46:00,64690.0
2026-07-16T14:47:00,64696.0
2026-07-16T14:48:00,64702.37
2026-07-16T14:49:00,64715.0
2026-07-16T14:50:00,64660.01
2026-07-16T14:51:00,64681.99
2026-07-16T14:52:00,64629.42
2026-07-16T14:53:00,64600.01
2026-07-16T14:54:00,64568.0
2026-07-16T14:55:00,64452.0
2026-07-16T14:56:00,64484.0
2026-07-16T14:57:00,64495.82
2026-07-16T14:58:00,64564.0
2026-07-16T14:59:00,64543.51
2026-07-16T15:00:00,64520.0
2026-07-16T15:01:00,64483.47
2026-07-16T15:02:00,64524.0
2026-07-16T15:03:00,64476.0
2026-07-16T15:04:00,64512.01
2026-07-16T15:05:00,64467.52
2026-07-16T15:06:00,64463.98
2026-07-16T15:07:00,64426.86
2026-07-16T15:08:00,64393.5
2026-07-16T15:09:00,64434.75
2026-07-16T15:10:00,64450.9
2026-07-16T15:11:00,64463.99
2026-07-16T15:12:00,64415.99
2026-07-16T15:13:00,64364.0
2026-07-16T15:14:00,64359.98
2026-07-16T15:15:00,64409.22
2026-07-16T15:16:00,64381.99
2026-07-16T15:17:00,64475.99
2026-07-16T15:18:00,64502.01
2026-07-16T15:19:00,64521.99
2026-07-16T15:20:00,64536.71
2026-07-16T15:21:00,64593.57
2026-07-16T15:22:00,64580.68
2026-07-16T15:23:00,64568.18
2026-07-16T15:24:00,64672.23
2026-07-16T15:25:00,64712.0
2026-07-16T15:26:00,64861.99
2026-07-16T15:27:00,64818.01
2026-07-16T15:28:00,64800.01
2026-07-16T15:29:00,64824.97
2026-07-16T15:30:00,64765.99
2026-07-16T15:31:00,64776.4
2026-07-16T15:32:00,64774.01
2026-07-16T15:33:00,64756.0
2026-07-16T15:34:00,64791.31
2026-07-16T15:35:00,64766.0
2026-07-16T15:36:00,64784.0
2026-07-16T15:37:00,64762.83
2026-07-16T15:38:00,64788.57
2026-07-16T15:39:00,64809.99
2026-07-16T15:40:00,64788.0
2026-07-16T15:41:00,64789.99
2026-07-16T15:42:00,64775.29
2026-07-16T15:43:00,64696.06
2026-07-16T15:44:00,64728.16
2026-07-16T15:45:00,64688.0
2026-07-16T15:46:00,64647.99
2026-07-16T15:47:00,64655.99
2026-07-16T15:48:00,64696.56
2026-07-16T15:49:00,64756.59
2026-07-16T15:50:00,64779.99
2026-07-16T15:51:00,64718.07
2026-07-16T15:52:00,64710.01
2026-07-16T15:53:00,64737.01
2026-07-16T15:54:00,64759.25
2026-07-16T15:55:00,64704.0
2026-07-16T15:56:00,64687.99
2026-07-16T15:57:00,64708.05
2026-07-16T15:58:00,64724.39
2026-07-16T15:59:00,64704.73
2026-07-16T16:00:00,64706.18
2026-07-16T16:01:00,64630.0
2026-07-16T16:02:00,64589.99
2026-07-16T16:03:00,64638.82
2026-07-16T16:04:00,64595.76
2026-07-16T16:05:00,64565.99
2026-07-16T16:06:00,64600.23
2026-07-16T16:07:00,64538.53
2026-07-16T16:08:00,64581.41
2026-07-16T16:09:00,64594.0
2026-07-16T16:10:00,64520.13
2026-07-16T16:11:00,64516.0
2026-07-16T16:12:00,64505.01
2026-07-16T16:13:00,64513.08
2026-07-16T16:14:00,64512.01
2026-07-16T16:15:00,64489.54
2026-07-16T16:16:00,64533.12
2026-07-16T16:17:00,64493.99
2026-07-16T16:18:00,64523.99
2026-07-16T16:19:00,64485.87
2026-07-16T16:20:00,64422.01
2026-07-16T16:21:00,64470.66
2026-07-16T16:22:00,64449.64
2026-07-16T16:23:00,64440.0
2026-07-16T16:24:00,64466.0
2026-07-16T16:25:00,64517.99
2026-07-16T16:26:00,64538.01
2026-07-16T16:27:00,64559.99
2026-07-16T16:28:00,64566.0
2026-07-16T16:29:00,64546.0
2026-07-16T16:30:00,64608.65
2026-07-16T16:31:00,64608.0
2026-07-16T16:32:00,64653.58
2026-07-16T16:33:00,64590.01
2026-07-16T16:34:00,64578.72
2026-07-16T16:35:00,64538.01
2026-07-16T16:36:00,64543.61
2026-07-16T16:37:00,64522.01
2026-07-16T16:38:00,64498.54
2026-07-16T16:39:00,64432.0
2026-07-16T16:40:00,64463.99
2026-07-16T16:41:00,64432.63
2026-07-16T16:42:00,64439.99
2026-07-16T16:43:00,64395.31
2026-07-16T16:44:00,64380.0
2026-07-16T16:45:00,64352.94
2026-07-16T16:46:00,64381.99
2026-07-16T16:47:00,64405.99
2026-07-16T16:48:00,64436.01
2026-07-16T16:49:00,64436.17
2026-07-16T16:50:00,64465.4
2026-07-16T16:51:00,64478.0
2026-07-16T16:52:00,64494.0
2026-07-16T16:53:00,64490.87
2026-07-16T16:54:00,64470.13
2026-07-16T16:55:00,64510.0
2026-07-16T16:56:00,64514.0
2026-07-16T16:57:00,64524.01
2026-07-16T16:58:00,64510.0
2026-07-16T16:59:00,64484.0
2026-07-16T17:00:00,64432.01
2026-07-16T17:01:00,64435.99
2026-07-16T17:02:00,64373.72
2026-07-16T17:03:00,64372.19
2026-07-16T17:04:00,64372.18
2026-07-16T17:05:00,64348.44
2026-07-16T17:06:00,64312.01
2026-07-16T17:07:00,64330.01
2026-07-16T17:08:00,64383.92
2026-07-16T17:09:00,64304.09
2026-07-16T17:10:00,64256.0
2026-07-16T17:11:00,64254.0
2026-07-16T17:12:00,64263.43
2026-07-16T17:13:00,64254.88
2026-07-16T17:14:00,64166.02
2026-07-16T17:15:00,64214.01
2026-07-16T17:16:00,64194.01
2026-07-16T17:17:00,64153.8
2026-07-16T17:18:00,64181.72
2026-07-16T17:19:00,64208.0
2026-07-16T17:20:00,64182.14
2026-07-16T17:21:00,64190.16
2026-07-16T17:22:00,64225.43
2026-07-16T17:23:00,64223.99
2026-07-16T17:24:00,64206.09
2026-07-16T17:25:00,64144.74
2026-07-16T17:26:00,64180.01
2026-07-16T17:27:00,64189.99
2026-07-16T17:28:00,64218.0
2026-07-16T17:29:00,64218.38
2026-07-16T17:30:00,64254.0
2026-07-16T17:31:00,64252.04
2026-07-16T17:32:00,64256.0
2026-07-16T17:33:00,64254.46
2026-07-16T17:34:00,64258.79
2026-07-16T17:35:00,64242.2
2026-07-16T17:36:00,64244.92
2026-07-16T17:37:00,64223.0
2026-07-16T17:38:00,64226.01
2026-07-16T17:39:00,64232.55
2026-07-16T17:40:00,64200.0
2026-07-16T17:41:00,64218.32
2026-07-16T17:42:00,64190.01
2026-07-16T17:43:00,64170.01
2026-07-16T17:44:00,64146.0
2026-07-16T17:45:00,64130.0
2026-07-16T17:46:00,64123.02
2026-07-16T17:47:00,64132.3
2026-07-16T17:48:00,64149.98
2026-07-16T17:49:00,64133.99
2026-07-16T17:50:00,64113.7
2026-07-16T17:51:00,64059.99
2026-07-16T17:52:00,64105.35
2026-07-16T17:53:00,64136.01
2026-07-16T17:54:00,64090.57
2026-07-16T17:55:00,64010.48
2026-07-16T17:56:00,64013.25
2026-07-16T17:57:00,64024.01
2026-07-16T17:58:00,64028.97
2026-07-16T17:59:00,64069.03
2026-07-16T18:00:00,64087.06
2026-07-16T18:01:00,64135.85
2026-07-16T18:02:00,64100.01
2026-07-16T18:03:00,64072.44
2026-07-16T18:04:00,64092.01
2026-07-16T18:05:00,64090.21
2026-07-16T18:06:00,64106.0
2026-07-16T18:07:00,64136.89
2026-07-16T18:08:00,64157.43
2026-07-16T18:09:00,64178.59
2026-07-16T18:10:00,64180.29
2026-07-16T18:11:00,64198.0
2026-07-16T18:12:00,64184.0
2026-07-16T18:13:00,64205.99
2026-07-16T18:14:00,64192.32
2026-07-16T18:15:00,64158.01
2026-07-16T18:16:00,64219.57
2026-07-16T18:17:00,64218.0
2026-07-16T18:18:00,64214.01
2026-07-16T18:19:00,64232.27
2026-07-16T18:20:00,64230.0
2026-07-16T18:21:00,64324.81
2026-07-16T18:22:00,64290.01
2026-07-16T18:23:00,64296.14
2026-07-16T18:24:00,64304.0
2026-07-16T18:25:00,64282.38
2026-07-16T18:26:00,64296.58
2026-07-16T18:27:00,64278.0
2026-07-16T18:28:00,64273.92
2026-07-16T18:29:00,64220.88
2026-07-16T18:30:00,64195.8
2026-07-16T18:31:00,64218.01
2026-07-16T18:32:00,64210.0
2026-07-16T18:33:00,64177.82
2026-07-16T18:34:00,64192.0
2026-07-16T18:35:00,64160.01
2026-07-16T18:36:00,64139.0
2026-07-16T18:37:00,64118.01
2026-07-16T18:38:00,64144.0
2026-07-16T18:39:00,64137.61
2026-07-16T18:40:00,64108.0
2026-07-16T18:41:00,64114.01
2026-07-16T18:42:00,64144.0
2026-07-16T18:43:00,64136.77
2026-07-16T18:44:00,64151.98
2026-07-16T18:45:00,64182.0
2026-07-16T18:46:00,64188.86
2026-07-16T18:47:00,64212.0
2026-07-16T18:48:00,64231.91
2026-07-16T18:49:00,64234.0
2026-07-16T18:50:00,64263.56
2026-07-16T18:51:00,64300.0
2026-07-16T18:52:00,64276.0
2026-07-16T18:53:00,64268.0
2026-07-16T18:54:00,64270.0
2026-07-16T18:55:00,64258.16
2026-07-16T18:56:00,64270.01
2026-07-16T18:57:00,64273.79
2026-07-16T18:58:00,64269.26
2026-07-16T18:59:00,64246.01
2026-07-16T19:00:00,64277.99
2026-07-16T19:01:00,64294.99
2026-07-16T19:02:00,64295.99
2026-07-16T19:03:00,64288.01
2026-07-16T19:04:00,64285.43
2026-07-16T19:05:00,64296.0
2026-07-16T19:06:00,64264.01
2026-07-16T19:07:00,64221.51
2026-07-16T19:08:00,64248.01
2026-07-16T19:09:00,64243.42
2026-07-16T19:10:00,64250.0
2026-07-16T19:11:00,64282.6
2026-07-16T19:12:00,64266.01
2026-07-16T19:13:00,64252.43
2026-07-16T19:14:00,64221.99
2026-07-16T19:15:00,64210.0
2026-07-16T19:16:00,64263.31
2026-07-16T19:17:00,64210.0
2026-07-16T19:18:00,64209.82
2026-07-16T19:19:00,64224.0
2026-07-16T19:20:00,64228.0
2026-07-16T19:21:00,64246.34
2026-07-16T19:22:00,64218.99
2026-07-16T19:23:00,64182.42
2026-07-16T19:24:00,64183.99
2026-07-16T19:25:00,64185.99
2026-07-16T19:26:00,64178.94
2026-07-16T19:27:00,64191.99
2026-07-16T19:28:00,64260.0
2026-07-16T19:29:00,64261.52
2026-07-16T19:30:00,64282.59
2026-07-16T19:31:00,64234.01
2026-07-16T19:32:00,64251.82
2026-07-16T19:33:00,64243.55
2026-07-16T19:34:00,64245.35
2026-07-16T19:35:00,64261.99
2026-07-16T19:36:00,64218.01
2026-07-16T19:37:00,64234.93
2026-07-16T19:38:00,64257.78
2026-07-16T19:39:00,64242.02
2026-07-16T19:40:00,64219.42
2026-07-16T19:41:00,64236.01
2026-07-16T19:42:00,64232.0
2026-07-16T19:43:00,64200.01
2026-07-16T19:44:00,64204.02
2026-07-16T19:45:00,64201.98
2026-07-16T19:46:00,64162.17
2026-07-16T19:47:00,64156.0
2026-07-16T19:48:00,64164.13
2026-07-16T19:49:00,64174.0
2026-07-16T19:50:00,64209.04
2026-07-16T19:51:00,64247.99
2026-07-16T19:52:00,64242.0
2026-07-16T19:53:00,64251.99
2026-07-16T19:54:00,64263.82
2026-07-16T19:55:00,64277.98
2026-07-16T19:56:00,64264.0
2026-07-16T19:57:00,64267.03
2026-07-16T19:58:00,64258.0
2026-07-16T19:59:00,64271.84
2026-07-16T20:00:00,64275.99
2026-07-16T20:01:00,64258.0
2026-07-16T20:02:00,64260.0
2026-07-16T20:03:00,64248.01
2026-07-16T20:04:00,64227.07
2026-07-16T20:05:00,64246.0
2026-07-16T20:06:00,64238.95
2026-07-16T20:07:00,64212.26
2026-07-16T20:08:00,64204.2
2026-07-16T20:09:00,64200.0
2026-07-16T20:10:00,64201.99
2026-07-16T20:11:00,64205.99
2026-07-16T20:12:00,64196.0
2026-07-16T20:13:00,64190.57
2026-07-16T20:14:00,64186.0
2026-07-16T20:15:00,64158.0
2026-07-16T20:16:00,64167.99
2026-07-16T20:17:00,64170.73
2026-07-16T20:18:00,64196.0
2026-07-16T20:19:00,64224.0
2026-07-16T20:20:00,64232.04
2026-07-16T20:21:00,64220.0
2026-07-16T20:22:00,64212.37
2026-07-16T20:23:00,64211.55
2026-07-16T20:24:00,64187.9
2026-07-16T20:25:00,64184.59
2026-07-16T20:26:00,64194.0
2026-07-16T20:27:00,64198.64
2026-07-16T20:28:00,64193.49
2026-07-16T20:29:00,64182.01
2026-07-16T20:30:00,64160.98
2026-07-16T20:31:00,64178.0
2026-07-16T20:32:00,64188.9
2026-07-16T20:33:00,64196.0
2026-07-16T20:34:00,64195.99
2026-07-16T20:35:00,64180.48
2026-07-16T20:36:00,64158.0
2026-07-16T20:37:00,64156.06
2026-07-16T20:38:00,64137.62
2026-07-16T20:39:00,64145.32
2026-07-16T20:40:00,64132.01
2026-07-16T20:41:00,64136.36
2026-07-16T20:42:00,64136.36
2026-07-16T20:43:00,64136.37
2026-07-16T20:44:00,64145.99
2026-07-16T20:45:00,64150.0
2026-07-16T20:46:00,64136.37
2026-07-16T20:47:00,64147.99
2026-07-16T20:48:00,64152.21
2026-07-16T20:49:00,64153.34
2026-07-16T20:50:00,64144.33
2026-07-16T20:51:00,64134.45
2026-07-16T20:52:00,64118.0
2026-07-16T20:53:00,64128.81
2026-07-16T20:54:00,64121.06
2026-07-16T20:55:00,64121.62
2026-07-16T20:56:00,64161.99
2026-07-16T20:57:00,64136.0
2026-07-16T20:58:00,64135.83
2026-07-16T20:59:00,64114.27
2026-07-16T21:00:00,64121.99
2026-07-16T21:01:00,64121.99
2026-07-16T21:02:00,64109.63
2026-07-16T21:03:00,64120.55
2026-07-16T21:04:00,64129.03
2026-07-16T21:05:00,64152.47
2026-07-16T21:06:00,64180.0
2026-07-16T21:07:00,64174.53
2026-07-16T21:08:00,64160.55
2026-07-16T21:09:00,64160.56
2026-07-16T21:10:00,64161.66
2026-07-16T21:11:00,64154.52
2026-07-16T21:12:00,64183.56
2026-07-16T21:13:00,64180.56
2026-07-16T21:14:00,64180.65
2026-07-16T21:15:00,64185.86
2026-07-16T21:16:00,64186.79
2026-07-16T21:17:00,64193.53
2026-07-16T21:18:00,64205.92
2026-07-16T21:19:00,64205.92
2026-07-16T21:20:00,64199.99
2026-07-16T21:21:00,64195.03
2026-07-16T21:22:00,64195.04
2026-07-16T21:23:00,64164.07
2026-07-16T21:24:00,64166.65
2026-07-16T21:25:00,64160.0
2026-07-16T21:26:00,64171.17
2026-07-16T21:27:00,64171.18
2026-07-16T21:28:00,64186.0
2026-07-16T21:29:00,64168.33
2026-07-16T21:30:00,64152.63
2026-07-16T21:31:00,64161.75
2026-07-16T21:32:00,64161.99
2026-07-16T21:33:00,64167.16
2026-07-16T21:34:00,64176.11
2026-07-16T21:35:00,64193.74
2026-07-16T21:36:00,64193.73
2026-07-16T21:37:00,64205.88
2026-07-16T21:38:00,64231.9
2026-07-16T21:39:00,64200.02
2026-07-16T21:40:00,64217.99
2026-07-16T21:41:00,64212.02
2026-07-16T21:42:00,64198.01
2026-07-16T21:43:00,64205.99
2026-07-16T21:44:00,64214.0
2026-07-16T21:45:00,64185.34
2026-07-16T21:46:00,64196.51
2026-07-16T21:47:00,64197.99
2026-07-16T21:48:00,64198.0
2026-07-16T21:49:00,64184.0
2026-07-16T21:50:00,64198.0
2026-07-16T21:51:00,64204.63
2026-07-16T21:52:00,64215.42
2026-07-16T21:53:00,64200.0
2026-07-16T21:54:00,64197.11
2026-07-16T21:55:00,64174.37
2026-07-16T21:56:00,64152.88
2026-07-16T21:57:00,64146.92
2026-07-16T21:58:00,64145.0
2026-07-16T21:59:00,64161.99
2026-07-16T22:00:00,64234.53
2026-07-16T22:01:00,64235.67
2026-07-16T22:02:00,64193.23
2026-07-16T22:03:00,64230.0
2026-07-16T22:04:00,64208.01
2026-07-16T22:05:00,64185.91
2026-07-16T22:06:00,64223.21
2026-07-16T22:07:00,64182.0
2026-07-16T22:08:00,64216.0
2026-07-16T22:09:00,64193.4
2026-07-16T22:10:00,64178.01
2026-07-16T22:11:00,64177.4
2026-07-16T22:12:00,64203.99
2026-07-16T22:13:00,64162.01
2026-07-16T22:14:00,64205.75
2026-07-16T22:15:00,64176.31
2026-07-16T22:16:00,64154.16
2026-07-16T22:17:00,64160.58
2026-07-16T22:18:00,64164.01
2026-07-16T22:19:00,64152.0
2026-07-16T22:20:00,64136.0
2026-07-16T22:21:00,64110.0
2026-07-16T22:22:00,64070.19
2026-07-16T22:23:00,64074.2
2026-07-16T22:24:00,64061.71
2026-07-16T22:25:00,64049.36
2026-07-16T22:26:00,64080.0
2026-07-16T22:27:00,64049.78
2026-07-16T22:28:00,64030.63
2026-07-16T22:29:00,64019.99
2026-07-16T22:30:00,64042.0
2026-07-16T22:31:00,64103.99
2026-07-16T22:32:00,64085.22
2026-07-16T22:33:00,64168.17
2026-07-16T22:34:00,64116.84
2026-07-16T22:35:00,64116.83
2026-07-16T22:36:00,64108.45
2026-07-16T22:37:00,64136.0
2026-07-16T22:38:00,64139.18
2026-07-16T22:39:00,64124.0
2026-07-16T22:40:00,64035.81
2026-07-16T22:41:00,64055.62
2026-07-16T22:42:00,64086.64
2026-07-16T22:43:00,64075.44
2026-07-16T22:44:00,64084.57
2026-07-16T22:45:00,64084.56
2026-07-16T22:46:00,64054.0
2026-07-16T22:47:00,64066.98
2026-07-16T22:48:00,64056.0
2026-07-16T22:49:00,64046.01
2026-07-16T22:50:00,64020.05
2026-07-16T22:51:00,64022.0
2026-07-16T22:52:00,63993.61
2026-07-16T22:53:00,63972.0
2026-07-16T22:54:00,63960.33
2026-07-16T22:55:00,63968.0
2026-07-16T22:56:00,63955.19
2026-07-16T22:57:00,63959.48
2026-07-16T22:58:00,63970.0
2026-07-16T22:59:00,63968.0
2026-07-16T23:00:00,63974.31
2026-07-16T23:01:00,63994.0
2026-07-16T23:02:00,63975.39
2026-07-16T23:03:00,63934.57
2026-07-16T23:04:00,63934.56
2026-07-16T23:05:00,63936.7
2026-07-16T23:06:00,63948.99
2026-07-16T23:07:00,63940.01
2026-07-16T23:08:00,63940.0
2026-07-16T23:09:00,63941.58
2026-07-16T23:10:00,63928.5
2026-07-16T23:11:00,63926.87
2026-07-16T23:12:00,63926.87
2026-07-16T23:13:00,63922.8
2026-07-16T23:14:00,63922.8
2026-07-16T23:15:00,63902.0
2026-07-16T23:16:00,63897.19
2026-07-16T23:17:00,63898.82
2026-07-16T23:18:00,63891.0
2026-07-16T23:19:00,63890.0
2026-07-16T23:20:00,63860.01
2026-07-16T23:21:00,63808.15
2026-07-16T23:22:00,63780.01
2026-07-16T23:23:00,63763.0
2026-07-16T23:24:00,63755.0
2026-07-16T23:25:00,63815.93
2026-07-16T23:26:00,63812.01
2026-07-16T23:27:00,63811.97
2026-07-16T23:28:00,63818.01
2026-07-16T23:29:00,63812.85
2026-07-16T23:30:00,63809.99
2026-07-16T23:31:00,63828.36
2026-07-16T23:32:00,63785.01
2026-07-16T23:33:00,63772.43
2026-07-16T23:34:00,63770.4
2026-07-16T23:35:00,63774.74
2026-07-16T23:36:00,63762.01
2026-07-16T23:37:00,63748.75
2026-07-16T23:38:00,63754.0
2026-07-16T23:39:00,63766.0
2026-07-16T23:40:00,63777.95
2026-07-16T23:41:00,63759.71
2026-07-16T23:42:00,63784.0
2026-07-16T23:43:00,63823.32
2026-07-16T23:44:00,63840.01
2026-07-16T23:45:00,63819.81
2026-07-16T23:46:00,63840.8
2026-07-16T23:47:00,63872.16
2026-07-16T23:48:00,63833.0
2026-07-16T23:49:00,63840.01
2026-07-16T23:50:00,63902.37
2026-07-16T23:51:00,63905.49
2026-07-16T23:52:00,63882.0
2026-07-16T23:53:00,63879.88
2026-07-16T23:54:00,63871.99
2026-07-16T23:55:00,63833.21
2026-07-16T23:56:00,63839.25
2026-07-16T23:57:00,63840.8
2026-07-16T23:58:00,63840.8
2026-07-16T23:59:00,63830.2
2026-07-17T00:00:00,63845.54
